Navn;Stasjon;Tid(norsk normaltid);Homogenisert middeltemperatur (mnd)
Svalbard Lufthavn;SN99840;09.1898;3,8
Svalbard Lufthavn;SN99840;10.1898;-5,2
Svalbard Lufthavn;SN99840;11.1898;-11
Svalbard Lufthavn;SN99840;12.1898;-16,4
Svalbard Lufthavn;SN99840;01.1899;-14,8
Svalbard Lufthavn;SN99840;02.1899;-20,7
Svalbard Lufthavn;SN99840;03.1899;-23,1
Svalbard Lufthavn;SN99840;04.1899;-15,6
Svalbard Lufthavn;SN99840;05.1899;-6,7
Svalbard Lufthavn;SN99840;06.1899;4
Svalbard Lufthavn;SN99840;07.1899;8,2
Svalbard Lufthavn;SN99840;08.1899;5,6
Svalbard Lufthavn;SN99840;09.1899;2,7
Svalbard Lufthavn;SN99840;10.1899;-9,8
Svalbard Lufthavn;SN99840;11.1899;-12
Svalbard Lufthavn;SN99840;12.1899;-9,5
Svalbard Lufthavn;SN99840;01.1900;-7,7
Svalbard Lufthavn;SN99840;02.1900;-21,2
Svalbard Lufthavn;SN99840;03.1900;-22,8
Svalbard Lufthavn;SN99840;04.1900;-12,8
Svalbard Lufthavn;SN99840;05.1900;-5,7
Svalbard Lufthavn;SN99840;06.1900;3,6
Svalbard Lufthavn;SN99840;07.1900;4,6
Svalbard Lufthavn;SN99840;08.1900;4,2
Svalbard Lufthavn;SN99840;09.1900;-1
Svalbard Lufthavn;SN99840;10.1900;-6,7
Svalbard Lufthavn;SN99840;11.1900;-13,7
Svalbard Lufthavn;SN99840;12.1900;-18,2
Svalbard Lufthavn;SN99840;01.1901;-11,2
Svalbard Lufthavn;SN99840;02.1901;-26,6
Svalbard Lufthavn;SN99840;03.1901;-17,2
Svalbard Lufthavn;SN99840;04.1901;-11,5
Svalbard Lufthavn;SN99840;05.1901;-5,8
Svalbard Lufthavn;SN99840;06.1901;3,2
Svalbard Lufthavn;SN99840;07.1901;6,1
Svalbard Lufthavn;SN99840;08.1901;4,5
Svalbard Lufthavn;SN99840;09.1901;0,8
Svalbard Lufthavn;SN99840;10.1901;-5,7
Svalbard Lufthavn;SN99840;11.1901;-18,5
Svalbard Lufthavn;SN99840;12.1901;-9,9
Svalbard Lufthavn;SN99840;01.1902;-19,2
Svalbard Lufthavn;SN99840;02.1902;-22,3
Svalbard Lufthavn;SN99840;03.1902;-16,3
Svalbard Lufthavn;SN99840;04.1902;-9,9
Svalbard Lufthavn;SN99840;05.1902;-5,9
Svalbard Lufthavn;SN99840;06.1902;0,9
Svalbard Lufthavn;SN99840;07.1902;3,9
Svalbard Lufthavn;SN99840;08.1902;4,2
Svalbard Lufthavn;SN99840;09.1902;-2,5
Svalbard Lufthavn;SN99840;10.1902;-7,8
Svalbard Lufthavn;SN99840;11.1902;-12,4
Svalbard Lufthavn;SN99840;12.1902;-14,3
Svalbard Lufthavn;SN99840;01.1903;-15,6
Svalbard Lufthavn;SN99840;02.1903;-19,8
Svalbard Lufthavn;SN99840;03.1903;-14,2
Svalbard Lufthavn;SN99840;04.1903;-9,8
Svalbard Lufthavn;SN99840;05.1903;-3,7
Svalbard Lufthavn;SN99840;06.1903;2
Svalbard Lufthavn;SN99840;07.1903;4,7
Svalbard Lufthavn;SN99840;08.1903;4,7
Svalbard Lufthavn;SN99840;09.1903;0,2
Svalbard Lufthavn;SN99840;10.1903;-6,2
Svalbard Lufthavn;SN99840;11.1903;-10,8
Svalbard Lufthavn;SN99840;12.1903;-10,1
Svalbard Lufthavn;SN99840;01.1904;-12,4
Svalbard Lufthavn;SN99840;02.1904;-10
Svalbard Lufthavn;SN99840;03.1904;-12,6
Svalbard Lufthavn;SN99840;04.1904;-9,7
Svalbard Lufthavn;SN99840;05.1904;-4,1
Svalbard Lufthavn;SN99840;06.1904;2,3
Svalbard Lufthavn;SN99840;07.1904;5,1
Svalbard Lufthavn;SN99840;08.1904;4,2
Svalbard Lufthavn;SN99840;09.1904;-0,1
Svalbard Lufthavn;SN99840;10.1904;-4,7
Svalbard Lufthavn;SN99840;11.1904;-18,1
Svalbard Lufthavn;SN99840;12.1904;-22,3
Svalbard Lufthavn;SN99840;01.1905;-21,7
Svalbard Lufthavn;SN99840;02.1905;-21,6
Svalbard Lufthavn;SN99840;03.1905;-15
Svalbard Lufthavn;SN99840;04.1905;-10,6
Svalbard Lufthavn;SN99840;05.1905;-3,4
Svalbard Lufthavn;SN99840;06.1905;4,2
Svalbard Lufthavn;SN99840;07.1905;5,8
Svalbard Lufthavn;SN99840;08.1905;4,5
Svalbard Lufthavn;SN99840;09.1905;0,6
Svalbard Lufthavn;SN99840;10.1905;-6,5
Svalbard Lufthavn;SN99840;11.1905;-13,5
Svalbard Lufthavn;SN99840;12.1905;-12,1
Svalbard Lufthavn;SN99840;01.1906;-11,3
Svalbard Lufthavn;SN99840;02.1906;-13,1
Svalbard Lufthavn;SN99840;03.1906;-16,5
Svalbard Lufthavn;SN99840;04.1906;-13,8
Svalbard Lufthavn;SN99840;05.1906;-4,6
Svalbard Lufthavn;SN99840;06.1906;1,8
Svalbard Lufthavn;SN99840;07.1906;5,8
Svalbard Lufthavn;SN99840;08.1906;4,6
Svalbard Lufthavn;SN99840;09.1906;0,4
Svalbard Lufthavn;SN99840;10.1906;-5,9
Svalbard Lufthavn;SN99840;11.1906;-8,7
Svalbard Lufthavn;SN99840;12.1906;-15,1
Svalbard Lufthavn;SN99840;01.1907;-12
Svalbard Lufthavn;SN99840;02.1907;-14,3
Svalbard Lufthavn;SN99840;03.1907;-10,6
Svalbard Lufthavn;SN99840;04.1907;-7,9
Svalbard Lufthavn;SN99840;05.1907;-5,1
Svalbard Lufthavn;SN99840;06.1907;4,1
Svalbard Lufthavn;SN99840;07.1907;5,6
Svalbard Lufthavn;SN99840;08.1907;3,8
Svalbard Lufthavn;SN99840;09.1907;-0,8
Svalbard Lufthavn;SN99840;10.1907;-4,7
Svalbard Lufthavn;SN99840;11.1907;-4,9
Svalbard Lufthavn;SN99840;12.1907;-9,4
Svalbard Lufthavn;SN99840;01.1908;-17,2
Svalbard Lufthavn;SN99840;02.1908;-18,3
Svalbard Lufthavn;SN99840;03.1908;-12,3
Svalbard Lufthavn;SN99840;04.1908;-14,4
Svalbard Lufthavn;SN99840;05.1908;-4,6
Svalbard Lufthavn;SN99840;06.1908;1,8
Svalbard Lufthavn;SN99840;07.1908;5,4
Svalbard Lufthavn;SN99840;08.1908;4,9
Svalbard Lufthavn;SN99840;09.1908;0,3
Svalbard Lufthavn;SN99840;10.1908;-5,9
Svalbard Lufthavn;SN99840;11.1908;-15,9
Svalbard Lufthavn;SN99840;12.1908;-14,2
Svalbard Lufthavn;SN99840;01.1909;-11,3
Svalbard Lufthavn;SN99840;02.1909;-19,7
Svalbard Lufthavn;SN99840;03.1909;-21,2
Svalbard Lufthavn;SN99840;04.1909;-10,1
Svalbard Lufthavn;SN99840;05.1909;-5
Svalbard Lufthavn;SN99840;06.1909;5,3
Svalbard Lufthavn;SN99840;07.1909;5,1
Svalbard Lufthavn;SN99840;08.1909;4,6
Svalbard Lufthavn;SN99840;09.1909;-1,3
Svalbard Lufthavn;SN99840;10.1909;-7,4
Svalbard Lufthavn;SN99840;11.1909;-12,5
Svalbard Lufthavn;SN99840;12.1909;-13,9
Svalbard Lufthavn;SN99840;01.1910;-14,7
Svalbard Lufthavn;SN99840;02.1910;-14,3
Svalbard Lufthavn;SN99840;03.1910;-13
Svalbard Lufthavn;SN99840;04.1910;-15,4
Svalbard Lufthavn;SN99840;05.1910;-4
Svalbard Lufthavn;SN99840;06.1910;1,5
Svalbard Lufthavn;SN99840;07.1910;4,8
Svalbard Lufthavn;SN99840;08.1910;3,7
Svalbard Lufthavn;SN99840;09.1910;-2,2
Svalbard Lufthavn;SN99840;10.1910;-10,8
Svalbard Lufthavn;SN99840;11.1910;-20,1
Svalbard Lufthavn;SN99840;12.1910;-17,1
Svalbard Lufthavn;SN99840;01.1911;-10,7
Svalbard Lufthavn;SN99840;02.1911;-19,9
Svalbard Lufthavn;SN99840;03.1911;-11,4
Svalbard Lufthavn;SN99840;04.1911;-9,7
Svalbard Lufthavn;SN99840;05.1911;-1,6
Svalbard Lufthavn;SN99840;06.1911;1,2
Svalbard Lufthavn;SN99840;07.1911;4
Svalbard Lufthavn;SN99840;08.1911;4,7
Svalbard Lufthavn;SN99840;09.1911;1,2
Svalbard Lufthavn;SN99840;10.1911;-8,7
Svalbard Lufthavn;SN99840;11.1911;-11,3
Svalbard Lufthavn;SN99840;12.1911;-13,4
Svalbard Lufthavn;SN99840;01.1912;-23,6
Svalbard Lufthavn;SN99840;02.1912;-25,7
Svalbard Lufthavn;SN99840;03.1912;-21,1
Svalbard Lufthavn;SN99840;04.1912;-21,5
Svalbard Lufthavn;SN99840;05.1912;-7,8
Svalbard Lufthavn;SN99840;06.1912;0,9
Svalbard Lufthavn;SN99840;07.1912;4,2
Svalbard Lufthavn;SN99840;08.1912;2,7
Svalbard Lufthavn;SN99840;09.1912;-3,3
Svalbard Lufthavn;SN99840;10.1912;-8,4
Svalbard Lufthavn;SN99840;11.1912;-12,3
Svalbard Lufthavn;SN99840;12.1912;-11,7
Svalbard Lufthavn;SN99840;01.1913;-15,7
Svalbard Lufthavn;SN99840;02.1913;-20,7
Svalbard Lufthavn;SN99840;03.1913;-17,7
Svalbard Lufthavn;SN99840;04.1913;-10,7
Svalbard Lufthavn;SN99840;05.1913;-6,3
Svalbard Lufthavn;SN99840;06.1913;0,1
Svalbard Lufthavn;SN99840;07.1913;4,9
Svalbard Lufthavn;SN99840;08.1913;4,9
Svalbard Lufthavn;SN99840;09.1913;0,3
Svalbard Lufthavn;SN99840;10.1913;-8,3
Svalbard Lufthavn;SN99840;11.1913;-7,6
Svalbard Lufthavn;SN99840;12.1913;-12,3
Svalbard Lufthavn;SN99840;01.1914;-21,3
Svalbard Lufthavn;SN99840;02.1914;-23,5
Svalbard Lufthavn;SN99840;03.1914;-19,6
Svalbard Lufthavn;SN99840;04.1914;-11,4
Svalbard Lufthavn;SN99840;05.1914;-6,3
Svalbard Lufthavn;SN99840;06.1914;2
Svalbard Lufthavn;SN99840;07.1914;5,1
Svalbard Lufthavn;SN99840;08.1914;4,5
Svalbard Lufthavn;SN99840;09.1914;-1,4
Svalbard Lufthavn;SN99840;10.1914;-4,7
Svalbard Lufthavn;SN99840;11.1914;-12,6
Svalbard Lufthavn;SN99840;12.1914;-16,4
Svalbard Lufthavn;SN99840;01.1915;-14,3
Svalbard Lufthavn;SN99840;02.1915;-19,7
Svalbard Lufthavn;SN99840;03.1915;-21
Svalbard Lufthavn;SN99840;04.1915;-11,9
Svalbard Lufthavn;SN99840;05.1915;-10
Svalbard Lufthavn;SN99840;06.1915;1,8
Svalbard Lufthavn;SN99840;07.1915;4,2
Svalbard Lufthavn;SN99840;08.1915;3,5
Svalbard Lufthavn;SN99840;09.1915;-1,1
Svalbard Lufthavn;SN99840;10.1915;-5
Svalbard Lufthavn;SN99840;11.1915;-19,5
Svalbard Lufthavn;SN99840;12.1915;-20,2
Svalbard Lufthavn;SN99840;01.1916;-23,9
Svalbard Lufthavn;SN99840;02.1916;-17,2
Svalbard Lufthavn;SN99840;03.1916;-20,3
Svalbard Lufthavn;SN99840;04.1916;-16,9
Svalbard Lufthavn;SN99840;05.1916;-7,1
Svalbard Lufthavn;SN99840;06.1916;2,6
Svalbard Lufthavn;SN99840;07.1916;5,2
Svalbard Lufthavn;SN99840;08.1916;3,6
Svalbard Lufthavn;SN99840;09.1916;-0,6
Svalbard Lufthavn;SN99840;10.1916;-7
Svalbard Lufthavn;SN99840;11.1916;-17,6
Svalbard Lufthavn;SN99840;12.1916;-18,9
Svalbard Lufthavn;SN99840;01.1917;-23,4
Svalbard Lufthavn;SN99840;02.1917;-27,7
Svalbard Lufthavn;SN99840;03.1917;-26,5
Svalbard Lufthavn;SN99840;04.1917;-23,2
Svalbard Lufthavn;SN99840;05.1917;-10,2
Svalbard Lufthavn;SN99840;06.1917;0,8
Svalbard Lufthavn;SN99840;07.1917;3,5
Svalbard Lufthavn;SN99840;08.1917;2,8
Svalbard Lufthavn;SN99840;09.1917;-3,1
Svalbard Lufthavn;SN99840;10.1917;-7,8
Svalbard Lufthavn;SN99840;11.1917;-13
Svalbard Lufthavn;SN99840;12.1917;-20,3
Svalbard Lufthavn;SN99840;01.1918;-25,7
Svalbard Lufthavn;SN99840;02.1918;-19,9
Svalbard Lufthavn;SN99840;03.1918;-18,5
Svalbard Lufthavn;SN99840;04.1918;-13,9
Svalbard Lufthavn;SN99840;05.1918;-2,9
Svalbard Lufthavn;SN99840;06.1918;3,4
Svalbard Lufthavn;SN99840;07.1918;7,6
Svalbard Lufthavn;SN99840;08.1918;4,1
Svalbard Lufthavn;SN99840;09.1918;-0,9
Svalbard Lufthavn;SN99840;10.1918;-7,6
Svalbard Lufthavn;SN99840;11.1918;-10
Svalbard Lufthavn;SN99840;12.1918;-6,1
Svalbard Lufthavn;SN99840;01.1919;-6,9
Svalbard Lufthavn;SN99840;02.1919;-24,1
Svalbard Lufthavn;SN99840;03.1919;-23,8
Svalbard Lufthavn;SN99840;04.1919;-18,8
Svalbard Lufthavn;SN99840;05.1919;-2,3
Svalbard Lufthavn;SN99840;06.1919;4,1
Svalbard Lufthavn;SN99840;07.1919;4,6
Svalbard Lufthavn;SN99840;08.1919;4,5
Svalbard Lufthavn;SN99840;09.1919;-0,9
Svalbard Lufthavn;SN99840;10.1919;-5
Svalbard Lufthavn;SN99840;11.1919;-14,9
Svalbard Lufthavn;SN99840;12.1919;-12,8
Svalbard Lufthavn;SN99840;01.1920;-12,5
Svalbard Lufthavn;SN99840;02.1920;-18,8
Svalbard Lufthavn;SN99840;03.1920;-10,4
Svalbard Lufthavn;SN99840;04.1920;-13,5
Svalbard Lufthavn;SN99840;05.1920;-3,7
Svalbard Lufthavn;SN99840;06.1920;1,7
Svalbard Lufthavn;SN99840;07.1920;4,9
Svalbard Lufthavn;SN99840;08.1920;5,2
Svalbard Lufthavn;SN99840;09.1920;0
Svalbard Lufthavn;SN99840;10.1920;-3
Svalbard Lufthavn;SN99840;11.1920;-7,4
Svalbard Lufthavn;SN99840;12.1920;-9,9
Svalbard Lufthavn;SN99840;01.1921;-16,9
Svalbard Lufthavn;SN99840;02.1921;-18,8
Svalbard Lufthavn;SN99840;03.1921;-16,6
Svalbard Lufthavn;SN99840;04.1921;-11,2
Svalbard Lufthavn;SN99840;05.1921;-5,7
Svalbard Lufthavn;SN99840;06.1921;2,8
Svalbard Lufthavn;SN99840;07.1921;6,1
Svalbard Lufthavn;SN99840;08.1921;5,1
Svalbard Lufthavn;SN99840;09.1921;-1,9
Svalbard Lufthavn;SN99840;10.1921;-7,7
Svalbard Lufthavn;SN99840;11.1921;-10,7
Svalbard Lufthavn;SN99840;12.1921;-10,9
Svalbard Lufthavn;SN99840;01.1922;-5,6
Svalbard Lufthavn;SN99840;02.1922;-11,1
Svalbard Lufthavn;SN99840;03.1922;-18,2
Svalbard Lufthavn;SN99840;04.1922;-13,3
Svalbard Lufthavn;SN99840;05.1922;-4,5
Svalbard Lufthavn;SN99840;06.1922;4,6
Svalbard Lufthavn;SN99840;07.1922;7,7
Svalbard Lufthavn;SN99840;08.1922;5,6
Svalbard Lufthavn;SN99840;09.1922;1
Svalbard Lufthavn;SN99840;10.1922;-4,7
Svalbard Lufthavn;SN99840;11.1922;-6,5
Svalbard Lufthavn;SN99840;12.1922;-14,5
Svalbard Lufthavn;SN99840;01.1923;-14
Svalbard Lufthavn;SN99840;02.1923;-15,9
Svalbard Lufthavn;SN99840;03.1923;-14,4
Svalbard Lufthavn;SN99840;04.1923;-11,2
Svalbard Lufthavn;SN99840;05.1923;-4,6
Svalbard Lufthavn;SN99840;06.1923;1,8
Svalbard Lufthavn;SN99840;07.1923;6,2
Svalbard Lufthavn;SN99840;08.1923;5,1
Svalbard Lufthavn;SN99840;09.1923;1,1
Svalbard Lufthavn;SN99840;10.1923;-3,4
Svalbard Lufthavn;SN99840;11.1923;-7,8
Svalbard Lufthavn;SN99840;12.1923;-9,5
Svalbard Lufthavn;SN99840;01.1924;-10,7
Svalbard Lufthavn;SN99840;02.1924;-11,8
Svalbard Lufthavn;SN99840;03.1924;-20,2
Svalbard Lufthavn;SN99840;04.1924;-12,2
Svalbard Lufthavn;SN99840;05.1924;-3,2
Svalbard Lufthavn;SN99840;06.1924;1,4
Svalbard Lufthavn;SN99840;07.1924;7,4
Svalbard Lufthavn;SN99840;08.1924;5
Svalbard Lufthavn;SN99840;09.1924;0,5
Svalbard Lufthavn;SN99840;10.1924;-4
Svalbard Lufthavn;SN99840;11.1924;-8,6
Svalbard Lufthavn;SN99840;12.1924;-8,9
Svalbard Lufthavn;SN99840;01.1925;-12,1
Svalbard Lufthavn;SN99840;02.1925;-13,5
Svalbard Lufthavn;SN99840;03.1925;-12
Svalbard Lufthavn;SN99840;04.1925;-12,3
Svalbard Lufthavn;SN99840;05.1925;-6,9
Svalbard Lufthavn;SN99840;06.1925;4
Svalbard Lufthavn;SN99840;07.1925;5,5
Svalbard Lufthavn;SN99840;08.1925;5,5
Svalbard Lufthavn;SN99840;09.1925;2,6
Svalbard Lufthavn;SN99840;10.1925;-6,6
Svalbard Lufthavn;SN99840;11.1925;-9,7
Svalbard Lufthavn;SN99840;12.1925;-16
Svalbard Lufthavn;SN99840;01.1926;-14
Svalbard Lufthavn;SN99840;02.1926;-18,7
Svalbard Lufthavn;SN99840;03.1926;-17,4
Svalbard Lufthavn;SN99840;04.1926;-10,8
Svalbard Lufthavn;SN99840;05.1926;-6,9
Svalbard Lufthavn;SN99840;06.1926;1,5
Svalbard Lufthavn;SN99840;07.1926;5,6
Svalbard Lufthavn;SN99840;08.1926;3,7
Svalbard Lufthavn;SN99840;09.1926;1,1
Svalbard Lufthavn;SN99840;10.1926;-5,9
Svalbard Lufthavn;SN99840;11.1926;-12
Svalbard Lufthavn;SN99840;12.1926;-11,2
Svalbard Lufthavn;SN99840;01.1927;-15,3
Svalbard Lufthavn;SN99840;02.1927;-12,1
Svalbard Lufthavn;SN99840;03.1927;-18,9
Svalbard Lufthavn;SN99840;04.1927;-17,9
Svalbard Lufthavn;SN99840;05.1927;-6,7
Svalbard Lufthavn;SN99840;06.1927;1,8
Svalbard Lufthavn;SN99840;07.1927;5,2
Svalbard Lufthavn;SN99840;08.1927;5,2
Svalbard Lufthavn;SN99840;09.1927;-0,9
Svalbard Lufthavn;SN99840;10.1927;-5,9
Svalbard Lufthavn;SN99840;11.1927;-9,3
Svalbard Lufthavn;SN99840;12.1927;-15,4
Svalbard Lufthavn;SN99840;01.1928;-11,8
Svalbard Lufthavn;SN99840;02.1928;-14,1
Svalbard Lufthavn;SN99840;03.1928;-16,8
Svalbard Lufthavn;SN99840;04.1928;-14,7
Svalbard Lufthavn;SN99840;05.1928;-5,3
Svalbard Lufthavn;SN99840;06.1928;1
Svalbard Lufthavn;SN99840;07.1928;5,1
Svalbard Lufthavn;SN99840;08.1928;4,7
Svalbard Lufthavn;SN99840;09.1928;0,1
Svalbard Lufthavn;SN99840;10.1928;-8,2
Svalbard Lufthavn;SN99840;11.1928;-11,5
Svalbard Lufthavn;SN99840;12.1928;-13,4
Svalbard Lufthavn;SN99840;01.1929;-20,2
Svalbard Lufthavn;SN99840;02.1929;-9,3
Svalbard Lufthavn;SN99840;03.1929;-24,4
Svalbard Lufthavn;SN99840;04.1929;-19,3
Svalbard Lufthavn;SN99840;05.1929;-7,9
Svalbard Lufthavn;SN99840;06.1929;1,1
Svalbard Lufthavn;SN99840;07.1929;3,9
Svalbard Lufthavn;SN99840;08.1929;3,7
Svalbard Lufthavn;SN99840;09.1929;-0,3
Svalbard Lufthavn;SN99840;10.1929;-7,1
Svalbard Lufthavn;SN99840;11.1929;-12,1
Svalbard Lufthavn;SN99840;12.1929;-5,4
Svalbard Lufthavn;SN99840;01.1930;-14,4
Svalbard Lufthavn;SN99840;02.1930;-12,7
Svalbard Lufthavn;SN99840;03.1930;-21
Svalbard Lufthavn;SN99840;04.1930;-9,8
Svalbard Lufthavn;SN99840;05.1930;-3,4
Svalbard Lufthavn;SN99840;06.1930;3,2
Svalbard Lufthavn;SN99840;07.1930;7,5
Svalbard Lufthavn;SN99840;08.1930;5,7
Svalbard Lufthavn;SN99840;09.1930;0,1
Svalbard Lufthavn;SN99840;10.1930;-5,8
Svalbard Lufthavn;SN99840;11.1930;-6,6
Svalbard Lufthavn;SN99840;12.1930;-5
Svalbard Lufthavn;SN99840;01.1931;-12,8
Svalbard Lufthavn;SN99840;02.1931;-9,3
Svalbard Lufthavn;SN99840;03.1931;-17,3
Svalbard Lufthavn;SN99840;04.1931;-6,9
Svalbard Lufthavn;SN99840;05.1931;-5,9
Svalbard Lufthavn;SN99840;06.1931;2,7
Svalbard Lufthavn;SN99840;07.1931;6,2
Svalbard Lufthavn;SN99840;08.1931;4,8
Svalbard Lufthavn;SN99840;09.1931;0
Svalbard Lufthavn;SN99840;10.1931;-6,9
Svalbard Lufthavn;SN99840;11.1931;-1,8
Svalbard Lufthavn;SN99840;12.1931;-9
Svalbard Lufthavn;SN99840;01.1932;-15,5
Svalbard Lufthavn;SN99840;02.1932;-13,7
Svalbard Lufthavn;SN99840;03.1932;-14,4
Svalbard Lufthavn;SN99840;04.1932;-14,5
Svalbard Lufthavn;SN99840;05.1932;-4,6
Svalbard Lufthavn;SN99840;06.1932;1,7
Svalbard Lufthavn;SN99840;07.1932;5,8
Svalbard Lufthavn;SN99840;08.1932;4,5
Svalbard Lufthavn;SN99840;09.1932;-1,1
Svalbard Lufthavn;SN99840;10.1932;-4,7
Svalbard Lufthavn;SN99840;11.1932;-10,8
Svalbard Lufthavn;SN99840;12.1932;-8,5
Svalbard Lufthavn;SN99840;01.1933;-4,3
Svalbard Lufthavn;SN99840;02.1933;-10,5
Svalbard Lufthavn;SN99840;03.1933;-15,5
Svalbard Lufthavn;SN99840;04.1933;-13,9
Svalbard Lufthavn;SN99840;05.1933;-3,6
Svalbard Lufthavn;SN99840;06.1933;2,2
Svalbard Lufthavn;SN99840;07.1933;5,5
Svalbard Lufthavn;SN99840;08.1933;4,7
Svalbard Lufthavn;SN99840;09.1933;2,5
Svalbard Lufthavn;SN99840;10.1933;-5,5
Svalbard Lufthavn;SN99840;11.1933;-7,3
Svalbard Lufthavn;SN99840;12.1933;-8
Svalbard Lufthavn;SN99840;01.1934;-9
Svalbard Lufthavn;SN99840;02.1934;-16,7
Svalbard Lufthavn;SN99840;03.1934;-7,7
Svalbard Lufthavn;SN99840;04.1934;-14,1
Svalbard Lufthavn;SN99840;05.1934;-4
Svalbard Lufthavn;SN99840;06.1934;2,6
Svalbard Lufthavn;SN99840;07.1934;6,1
Svalbard Lufthavn;SN99840;08.1934;6,2
Svalbard Lufthavn;SN99840;09.1934;4
Svalbard Lufthavn;SN99840;10.1934;-3,6
Svalbard Lufthavn;SN99840;11.1934;-6,2
Svalbard Lufthavn;SN99840;12.1934;-7,9
Svalbard Lufthavn;SN99840;01.1935;-14,2
Svalbard Lufthavn;SN99840;02.1935;-15
Svalbard Lufthavn;SN99840;03.1935;-14,2
Svalbard Lufthavn;SN99840;04.1935;-12
Svalbard Lufthavn;SN99840;05.1935;-7,2
Svalbard Lufthavn;SN99840;06.1935;2,4
Svalbard Lufthavn;SN99840;07.1935;6,8
Svalbard Lufthavn;SN99840;08.1935;5,6
Svalbard Lufthavn;SN99840;09.1935;-1,7
Svalbard Lufthavn;SN99840;10.1935;-0,7
Svalbard Lufthavn;SN99840;11.1935;-3
Svalbard Lufthavn;SN99840;12.1935;-8,7
Svalbard Lufthavn;SN99840;01.1936;-9,6
Svalbard Lufthavn;SN99840;02.1936;-16,8
Svalbard Lufthavn;SN99840;03.1936;-21,8
Svalbard Lufthavn;SN99840;04.1936;-12,5
Svalbard Lufthavn;SN99840;05.1936;-0,8
Svalbard Lufthavn;SN99840;06.1936;1,7
Svalbard Lufthavn;SN99840;07.1936;4,9
Svalbard Lufthavn;SN99840;08.1936;5,6
Svalbard Lufthavn;SN99840;09.1936;0,9
Svalbard Lufthavn;SN99840;10.1936;-3,8
Svalbard Lufthavn;SN99840;11.1936;-7,6
Svalbard Lufthavn;SN99840;12.1936;-8,9
Svalbard Lufthavn;SN99840;01.1937;-2,8
Svalbard Lufthavn;SN99840;02.1937;-17,2
Svalbard Lufthavn;SN99840;03.1937;-13,3
Svalbard Lufthavn;SN99840;04.1937;-7,5
Svalbard Lufthavn;SN99840;05.1937;-2,4
Svalbard Lufthavn;SN99840;06.1937;2,1
Svalbard Lufthavn;SN99840;07.1937;5,8
Svalbard Lufthavn;SN99840;08.1937;5,4
Svalbard Lufthavn;SN99840;09.1937;0,5
Svalbard Lufthavn;SN99840;10.1937;-3,8
Svalbard Lufthavn;SN99840;11.1937;-7,4
Svalbard Lufthavn;SN99840;12.1937;-5,3
Svalbard Lufthavn;SN99840;01.1938;-9,3
Svalbard Lufthavn;SN99840;02.1938;-10,2
Svalbard Lufthavn;SN99840;03.1938;-13,9
Svalbard Lufthavn;SN99840;04.1938;-11,2
Svalbard Lufthavn;SN99840;05.1938;-4,5
Svalbard Lufthavn;SN99840;06.1938;3,5
Svalbard Lufthavn;SN99840;07.1938;6,2
Svalbard Lufthavn;SN99840;08.1938;4,6
Svalbard Lufthavn;SN99840;09.1938;0,4
Svalbard Lufthavn;SN99840;10.1938;-1
Svalbard Lufthavn;SN99840;11.1938;-5,6
Svalbard Lufthavn;SN99840;12.1938;-0,8
Svalbard Lufthavn;SN99840;01.1939;-12,7
Svalbard Lufthavn;SN99840;02.1939;-12,2
Svalbard Lufthavn;SN99840;03.1939;-12,7
Svalbard Lufthavn;SN99840;04.1939;-10,8
Svalbard Lufthavn;SN99840;05.1939;-2,6
Svalbard Lufthavn;SN99840;06.1939;0,7
Svalbard Lufthavn;SN99840;07.1939;6,3
Svalbard Lufthavn;SN99840;08.1939;5,9
Svalbard Lufthavn;SN99840;09.1939;-0,3
Svalbard Lufthavn;SN99840;10.1939;-4,4
Svalbard Lufthavn;SN99840;11.1939;-7,6
Svalbard Lufthavn;SN99840;12.1939;-12,5
Svalbard Lufthavn;SN99840;01.1940;-10,1
Svalbard Lufthavn;SN99840;02.1940;-16,1
Svalbard Lufthavn;SN99840;03.1940;-17,4
Svalbard Lufthavn;SN99840;04.1940;-15,2
Svalbard Lufthavn;SN99840;05.1940;-1,5
Svalbard Lufthavn;SN99840;06.1940;2,8
Svalbard Lufthavn;SN99840;07.1940;5,6
Svalbard Lufthavn;SN99840;08.1940;4
Svalbard Lufthavn;SN99840;09.1940;3
Svalbard Lufthavn;SN99840;10.1940;-4,2
Svalbard Lufthavn;SN99840;11.1940;-8
Svalbard Lufthavn;SN99840;12.1940;-10
Svalbard Lufthavn;SN99840;01.1941;-17,9
Svalbard Lufthavn;SN99840;02.1941;-16,2
Svalbard Lufthavn;SN99840;03.1941;-15,9
Svalbard Lufthavn;SN99840;04.1941;-14,7
Svalbard Lufthavn;SN99840;05.1941;-6
Svalbard Lufthavn;SN99840;06.1941;1,7
Svalbard Lufthavn;SN99840;07.1941;6,2
Svalbard Lufthavn;SN99840;08.1941;4,3
Svalbard Lufthavn;SN99840;09.1941;0,4
Svalbard Lufthavn;SN99840;10.1941;-6,8
Svalbard Lufthavn;SN99840;11.1941;-5,7
Svalbard Lufthavn;SN99840;12.1941;-10,9
Svalbard Lufthavn;SN99840;01.1942;-8,3
Svalbard Lufthavn;SN99840;02.1942;-14,2
Svalbard Lufthavn;SN99840;03.1942;-21
Svalbard Lufthavn;SN99840;04.1942;-16
Svalbard Lufthavn;SN99840;05.1942;-6,1
Svalbard Lufthavn;SN99840;06.1942;1,4
Svalbard Lufthavn;SN99840;07.1942;5,9
Svalbard Lufthavn;SN99840;08.1942;5,5
Svalbard Lufthavn;SN99840;09.1942;-0,1
Svalbard Lufthavn;SN99840;10.1942;-5,2
Svalbard Lufthavn;SN99840;11.1942;-9,9
Svalbard Lufthavn;SN99840;12.1942;-15,2
Svalbard Lufthavn;SN99840;01.1943;-17,1
Svalbard Lufthavn;SN99840;02.1943;-20,2
Svalbard Lufthavn;SN99840;03.1943;-19,9
Svalbard Lufthavn;SN99840;04.1943;-17,2
Svalbard Lufthavn;SN99840;05.1943;-5,6
Svalbard Lufthavn;SN99840;06.1943;2,4
Svalbard Lufthavn;SN99840;07.1943;5,9
Svalbard Lufthavn;SN99840;08.1943;4,3
Svalbard Lufthavn;SN99840;09.1943;0,4
Svalbard Lufthavn;SN99840;10.1943;-5,4
Svalbard Lufthavn;SN99840;11.1943;-10,7
Svalbard Lufthavn;SN99840;12.1943;-9,3
Svalbard Lufthavn;SN99840;01.1944;-14,3
Svalbard Lufthavn;SN99840;02.1944;-14,8
Svalbard Lufthavn;SN99840;03.1944;-11,7
Svalbard Lufthavn;SN99840;04.1944;-16,7
Svalbard Lufthavn;SN99840;05.1944;-3,5
Svalbard Lufthavn;SN99840;06.1944;2,7
Svalbard Lufthavn;SN99840;07.1944;5,7
Svalbard Lufthavn;SN99840;08.1944;4,7
Svalbard Lufthavn;SN99840;09.1944;1,5
Svalbard Lufthavn;SN99840;10.1944;-4,1
Svalbard Lufthavn;SN99840;11.1944;-9,1
Svalbard Lufthavn;SN99840;12.1944;-5,2
Svalbard Lufthavn;SN99840;01.1945;-16,8
Svalbard Lufthavn;SN99840;02.1945;-9,8
Svalbard Lufthavn;SN99840;03.1945;-15,2
Svalbard Lufthavn;SN99840;04.1945;-12,5
Svalbard Lufthavn;SN99840;05.1945;-6,2
Svalbard Lufthavn;SN99840;06.1945;2,1
Svalbard Lufthavn;SN99840;07.1945;5,9
Svalbard Lufthavn;SN99840;08.1945;5
Svalbard Lufthavn;SN99840;09.1945;0,7
Svalbard Lufthavn;SN99840;10.1945;-6,1
Svalbard Lufthavn;SN99840;11.1945;-12,4
Svalbard Lufthavn;SN99840;12.1945;-11
Svalbard Lufthavn;SN99840;01.1946;-12,9
Svalbard Lufthavn;SN99840;02.1946;-15,3
Svalbard Lufthavn;SN99840;03.1946;-16,1
Svalbard Lufthavn;SN99840;04.1946;-11,5
Svalbard Lufthavn;SN99840;05.1946;-5,6
Svalbard Lufthavn;SN99840;06.1946;1,4
Svalbard Lufthavn;SN99840;07.1946;6,1
Svalbard Lufthavn;SN99840;08.1946;5
Svalbard Lufthavn;SN99840;09.1946;1,9
Svalbard Lufthavn;SN99840;10.1946;-6,2
Svalbard Lufthavn;SN99840;11.1946;-11,9
Svalbard Lufthavn;SN99840;12.1946;-7
Svalbard Lufthavn;SN99840;01.1947;-2,8
Svalbard Lufthavn;SN99840;02.1947;-13,8
Svalbard Lufthavn;SN99840;03.1947;-17,9
Svalbard Lufthavn;SN99840;04.1947;-10,4
Svalbard Lufthavn;SN99840;05.1947;-4,1
Svalbard Lufthavn;SN99840;06.1947;2,5
Svalbard Lufthavn;SN99840;07.1947;4,4
Svalbard Lufthavn;SN99840;08.1947;5,1
Svalbard Lufthavn;SN99840;09.1947;0,4
Svalbard Lufthavn;SN99840;10.1947;-4,8
Svalbard Lufthavn;SN99840;11.1947;-10,6
Svalbard Lufthavn;SN99840;12.1947;-13,9
Svalbard Lufthavn;SN99840;01.1948;-20
Svalbard Lufthavn;SN99840;02.1948;-17,1
Svalbard Lufthavn;SN99840;03.1948;-16
Svalbard Lufthavn;SN99840;04.1948;-10,5
Svalbard Lufthavn;SN99840;05.1948;-5,4
Svalbard Lufthavn;SN99840;06.1948;2
Svalbard Lufthavn;SN99840;07.1948;5,9
Svalbard Lufthavn;SN99840;08.1948;3,4
Svalbard Lufthavn;SN99840;09.1948;1,3
Svalbard Lufthavn;SN99840;10.1948;-3,9
Svalbard Lufthavn;SN99840;11.1948;-14,2
Svalbard Lufthavn;SN99840;12.1948;-17,4
Svalbard Lufthavn;SN99840;01.1949;-19,2
Svalbard Lufthavn;SN99840;02.1949;-8,3
Svalbard Lufthavn;SN99840;03.1949;-9,6
Svalbard Lufthavn;SN99840;04.1949;-13,2
Svalbard Lufthavn;SN99840;05.1949;-4,6
Svalbard Lufthavn;SN99840;06.1949;2
Svalbard Lufthavn;SN99840;07.1949;4,6
Svalbard Lufthavn;SN99840;08.1949;3,8
Svalbard Lufthavn;SN99840;09.1949;-0,7
Svalbard Lufthavn;SN99840;10.1949;-8,8
Svalbard Lufthavn;SN99840;11.1949;-5,5
Svalbard Lufthavn;SN99840;12.1949;-5,1
Svalbard Lufthavn;SN99840;01.1950;-7,7
Svalbard Lufthavn;SN99840;02.1950;-11,8
Svalbard Lufthavn;SN99840;03.1950;-9,7
Svalbard Lufthavn;SN99840;04.1950;-7,1
Svalbard Lufthavn;SN99840;05.1950;-3,9
Svalbard Lufthavn;SN99840;06.1950;1,9
Svalbard Lufthavn;SN99840;07.1950;6,6
Svalbard Lufthavn;SN99840;08.1950;5,5
Svalbard Lufthavn;SN99840;09.1950;2,1
Svalbard Lufthavn;SN99840;10.1950;-1
Svalbard Lufthavn;SN99840;11.1950;-4,2
Svalbard Lufthavn;SN99840;12.1950;-14
Svalbard Lufthavn;SN99840;01.1951;-16,3
Svalbard Lufthavn;SN99840;02.1951;-8,7
Svalbard Lufthavn;SN99840;03.1951;-16,7
Svalbard Lufthavn;SN99840;04.1951;-13,5
Svalbard Lufthavn;SN99840;05.1951;-4,5
Svalbard Lufthavn;SN99840;06.1951;2
Svalbard Lufthavn;SN99840;07.1951;6
Svalbard Lufthavn;SN99840;08.1951;5,5
Svalbard Lufthavn;SN99840;09.1951;0
Svalbard Lufthavn;SN99840;10.1951;-4,7
Svalbard Lufthavn;SN99840;11.1951;-15,1
Svalbard Lufthavn;SN99840;12.1951;-15,3
Svalbard Lufthavn;SN99840;01.1952;-15,1
Svalbard Lufthavn;SN99840;02.1952;-19
Svalbard Lufthavn;SN99840;03.1952;-19
Svalbard Lufthavn;SN99840;04.1952;-11,7
Svalbard Lufthavn;SN99840;05.1952;-4,3
Svalbard Lufthavn;SN99840;06.1952;4,6
Svalbard Lufthavn;SN99840;07.1952;6,4
Svalbard Lufthavn;SN99840;08.1952;3,6
Svalbard Lufthavn;SN99840;09.1952;0,5
Svalbard Lufthavn;SN99840;10.1952;-4,4
Svalbard Lufthavn;SN99840;11.1952;-5,6
Svalbard Lufthavn;SN99840;12.1952;-14,1
Svalbard Lufthavn;SN99840;01.1953;-15,3
Svalbard Lufthavn;SN99840;02.1953;-12,3
Svalbard Lufthavn;SN99840;03.1953;-21,2
Svalbard Lufthavn;SN99840;04.1953;-13,2
Svalbard Lufthavn;SN99840;05.1953;-2,9
Svalbard Lufthavn;SN99840;06.1953;4,1
Svalbard Lufthavn;SN99840;07.1953;7,3
Svalbard Lufthavn;SN99840;08.1953;5,8
Svalbard Lufthavn;SN99840;09.1953;0,2
Svalbard Lufthavn;SN99840;10.1953;-0,7
Svalbard Lufthavn;SN99840;11.1953;-1,1
Svalbard Lufthavn;SN99840;12.1953;-5,2
Svalbard Lufthavn;SN99840;01.1954;-9
Svalbard Lufthavn;SN99840;02.1954;-5,8
Svalbard Lufthavn;SN99840;03.1954;-13,2
Svalbard Lufthavn;SN99840;04.1954;-7,7
Svalbard Lufthavn;SN99840;05.1954;-0,8
Svalbard Lufthavn;SN99840;06.1954;3
Svalbard Lufthavn;SN99840;07.1954;5,7
Svalbard Lufthavn;SN99840;08.1954;5,1
Svalbard Lufthavn;SN99840;09.1954;0,1
Svalbard Lufthavn;SN99840;10.1954;-4
Svalbard Lufthavn;SN99840;11.1954;-3,3
Svalbard Lufthavn;SN99840;12.1954;-4,6
Svalbard Lufthavn;SN99840;01.1955;-16,7
Svalbard Lufthavn;SN99840;02.1955;-13,1
Svalbard Lufthavn;SN99840;03.1955;-10,9
Svalbard Lufthavn;SN99840;04.1955;-8,4
Svalbard Lufthavn;SN99840;05.1955;-5,2
Svalbard Lufthavn;SN99840;06.1955;2,3
Svalbard Lufthavn;SN99840;07.1955;4,7
Svalbard Lufthavn;SN99840;08.1955;4,3
Svalbard Lufthavn;SN99840;09.1955;2,5
Svalbard Lufthavn;SN99840;10.1955;-6,2
Svalbard Lufthavn;SN99840;11.1955;-13,1
Svalbard Lufthavn;SN99840;12.1955;-14,8
Svalbard Lufthavn;SN99840;01.1956;-11,3
Svalbard Lufthavn;SN99840;02.1956;-8,7
Svalbard Lufthavn;SN99840;03.1956;-14,7
Svalbard Lufthavn;SN99840;04.1956;-12
Svalbard Lufthavn;SN99840;05.1956;-5
Svalbard Lufthavn;SN99840;06.1956;1,6
Svalbard Lufthavn;SN99840;07.1956;6,3
Svalbard Lufthavn;SN99840;08.1956;5,1
Svalbard Lufthavn;SN99840;09.1956;-0,9
Svalbard Lufthavn;SN99840;10.1956;-4,2
Svalbard Lufthavn;SN99840;11.1956;-3,3
Svalbard Lufthavn;SN99840;12.1956;-4,1
Svalbard Lufthavn;SN99840;01.1957;-9
Svalbard Lufthavn;SN99840;02.1957;-13
Svalbard Lufthavn;SN99840;03.1957;-12,5
Svalbard Lufthavn;SN99840;04.1957;-7,9
Svalbard Lufthavn;SN99840;05.1957;-2,5
Svalbard Lufthavn;SN99840;06.1957;2,3
Svalbard Lufthavn;SN99840;07.1957;6
Svalbard Lufthavn;SN99840;08.1957;5,2
Svalbard Lufthavn;SN99840;09.1957;1,3
Svalbard Lufthavn;SN99840;10.1957;0,5
Svalbard Lufthavn;SN99840;11.1957;-6,6
Svalbard Lufthavn;SN99840;12.1957;-13
Svalbard Lufthavn;SN99840;01.1958;-9
Svalbard Lufthavn;SN99840;02.1958;-13,9
Svalbard Lufthavn;SN99840;03.1958;-16,2
Svalbard Lufthavn;SN99840;04.1958;-11,1
Svalbard Lufthavn;SN99840;05.1958;-2,9
Svalbard Lufthavn;SN99840;06.1958;1,8
Svalbard Lufthavn;SN99840;07.1958;5,5
Svalbard Lufthavn;SN99840;08.1958;4,3
Svalbard Lufthavn;SN99840;09.1958;-0,5
Svalbard Lufthavn;SN99840;10.1958;-4,3
Svalbard Lufthavn;SN99840;11.1958;-8,1
Svalbard Lufthavn;SN99840;12.1958;-12,1
Svalbard Lufthavn;SN99840;01.1959;-19,5
Svalbard Lufthavn;SN99840;02.1959;-15,9
Svalbard Lufthavn;SN99840;03.1959;-16,5
Svalbard Lufthavn;SN99840;04.1959;-9,8
Svalbard Lufthavn;SN99840;05.1959;-2,3
Svalbard Lufthavn;SN99840;06.1959;2,1
Svalbard Lufthavn;SN99840;07.1959;5
Svalbard Lufthavn;SN99840;08.1959;4,5
Svalbard Lufthavn;SN99840;09.1959;0,4
Svalbard Lufthavn;SN99840;10.1959;-1
Svalbard Lufthavn;SN99840;11.1959;-4,1
Svalbard Lufthavn;SN99840;12.1959;-7,2
Svalbard Lufthavn;SN99840;01.1960;-11,9
Svalbard Lufthavn;SN99840;02.1960;-18,8
Svalbard Lufthavn;SN99840;03.1960;-10
Svalbard Lufthavn;SN99840;04.1960;-8,4
Svalbard Lufthavn;SN99840;05.1960;-1,8
Svalbard Lufthavn;SN99840;06.1960;2,1
Svalbard Lufthavn;SN99840;07.1960;6,8
Svalbard Lufthavn;SN99840;08.1960;4,9
Svalbard Lufthavn;SN99840;09.1960;2,9
Svalbard Lufthavn;SN99840;10.1960;-8,8
Svalbard Lufthavn;SN99840;11.1960;-8,2
Svalbard Lufthavn;SN99840;12.1960;-14,4
Svalbard Lufthavn;SN99840;01.1961;-13,3
Svalbard Lufthavn;SN99840;02.1961;-19,2
Svalbard Lufthavn;SN99840;03.1961;-15
Svalbard Lufthavn;SN99840;04.1961;-13,1
Svalbard Lufthavn;SN99840;05.1961;-4,2
Svalbard Lufthavn;SN99840;06.1961;2,9
Svalbard Lufthavn;SN99840;07.1961;6,7
Svalbard Lufthavn;SN99840;08.1961;5,9
Svalbard Lufthavn;SN99840;09.1961;0,6
Svalbard Lufthavn;SN99840;10.1961;-1,3
Svalbard Lufthavn;SN99840;11.1961;-6,9
Svalbard Lufthavn;SN99840;12.1961;-16,2
Svalbard Lufthavn;SN99840;01.1962;-14,8
Svalbard Lufthavn;SN99840;02.1962;-16,7
Svalbard Lufthavn;SN99840;03.1962;-21,8
Svalbard Lufthavn;SN99840;04.1962;-15,3
Svalbard Lufthavn;SN99840;05.1962;-8,3
Svalbard Lufthavn;SN99840;06.1962;1,4
Svalbard Lufthavn;SN99840;07.1962;3,5
Svalbard Lufthavn;SN99840;08.1962;4,1
Svalbard Lufthavn;SN99840;09.1962;-0,2
Svalbard Lufthavn;SN99840;10.1962;-4,3
Svalbard Lufthavn;SN99840;11.1962;-5,9
Svalbard Lufthavn;SN99840;12.1962;-16,6
Svalbard Lufthavn;SN99840;01.1963;-22,2
Svalbard Lufthavn;SN99840;02.1963;-26,4
Svalbard Lufthavn;SN99840;03.1963;-18
Svalbard Lufthavn;SN99840;04.1963;-14,4
Svalbard Lufthavn;SN99840;05.1963;-3,9
Svalbard Lufthavn;SN99840;06.1963;0,9
Svalbard Lufthavn;SN99840;07.1963;4,1
Svalbard Lufthavn;SN99840;08.1963;5,6
Svalbard Lufthavn;SN99840;09.1963;0,2
Svalbard Lufthavn;SN99840;10.1963;-2,5
Svalbard Lufthavn;SN99840;11.1963;-13,7
Svalbard Lufthavn;SN99840;12.1963;-15,7
Svalbard Lufthavn;SN99840;01.1964;-16,3
Svalbard Lufthavn;SN99840;02.1964;-17,8
Svalbard Lufthavn;SN99840;03.1964;-11,8
Svalbard Lufthavn;SN99840;04.1964;-13,5
Svalbard Lufthavn;SN99840;05.1964;-4,7
Svalbard Lufthavn;SN99840;06.1964;0,6
Svalbard Lufthavn;SN99840;07.1964;4,6
Svalbard Lufthavn;SN99840;08.1964;5,1
Svalbard Lufthavn;SN99840;09.1964;0,3
Svalbard Lufthavn;SN99840;10.1964;-4
Svalbard Lufthavn;SN99840;11.1964;-10,1
Svalbard Lufthavn;SN99840;12.1964;-8,2
Svalbard Lufthavn;SN99840;01.1965;-16,3
Svalbard Lufthavn;SN99840;02.1965;-16,1
Svalbard Lufthavn;SN99840;03.1965;-21,4
Svalbard Lufthavn;SN99840;04.1965;-8,7
Svalbard Lufthavn;SN99840;05.1965;-5,2
Svalbard Lufthavn;SN99840;06.1965;2,2
Svalbard Lufthavn;SN99840;07.1965;5,7
Svalbard Lufthavn;SN99840;08.1965;4
Svalbard Lufthavn;SN99840;09.1965;0,3
Svalbard Lufthavn;SN99840;10.1965;-5,9
Svalbard Lufthavn;SN99840;11.1965;-7,2
Svalbard Lufthavn;SN99840;12.1965;-12,7
Svalbard Lufthavn;SN99840;01.1966;-22,1
Svalbard Lufthavn;SN99840;02.1966;-18,5
Svalbard Lufthavn;SN99840;03.1966;-22,5
Svalbard Lufthavn;SN99840;04.1966;-10,5
Svalbard Lufthavn;SN99840;05.1966;-8
Svalbard Lufthavn;SN99840;06.1966;1
Svalbard Lufthavn;SN99840;07.1966;6,6
Svalbard Lufthavn;SN99840;08.1966;4,3
Svalbard Lufthavn;SN99840;09.1966;-2,3
Svalbard Lufthavn;SN99840;10.1966;-10,5
Svalbard Lufthavn;SN99840;11.1966;-11,7
Svalbard Lufthavn;SN99840;12.1966;-5,4
Svalbard Lufthavn;SN99840;01.1967;-22,9
Svalbard Lufthavn;SN99840;02.1967;-17,5
Svalbard Lufthavn;SN99840;03.1967;-14,1
Svalbard Lufthavn;SN99840;04.1967;-10,7
Svalbard Lufthavn;SN99840;05.1967;-4,3
Svalbard Lufthavn;SN99840;06.1967;2
Svalbard Lufthavn;SN99840;07.1967;5,2
Svalbard Lufthavn;SN99840;08.1967;4,1
Svalbard Lufthavn;SN99840;09.1967;0,5
Svalbard Lufthavn;SN99840;10.1967;-7,1
Svalbard Lufthavn;SN99840;11.1967;-8
Svalbard Lufthavn;SN99840;12.1967;-16,3
Svalbard Lufthavn;SN99840;01.1968;-17,7
Svalbard Lufthavn;SN99840;02.1968;-17,2
Svalbard Lufthavn;SN99840;03.1968;-20
Svalbard Lufthavn;SN99840;04.1968;-15,2
Svalbard Lufthavn;SN99840;05.1968;-5,8
Svalbard Lufthavn;SN99840;06.1968;0,7
Svalbard Lufthavn;SN99840;07.1968;4,7
Svalbard Lufthavn;SN99840;08.1968;3,8
Svalbard Lufthavn;SN99840;09.1968;-2
Svalbard Lufthavn;SN99840;10.1968;-14,4
Svalbard Lufthavn;SN99840;11.1968;-16,6
Svalbard Lufthavn;SN99840;12.1968;-21,5
Svalbard Lufthavn;SN99840;01.1969;-15,5
Svalbard Lufthavn;SN99840;02.1969;-18,7
Svalbard Lufthavn;SN99840;03.1969;-22,8
Svalbard Lufthavn;SN99840;04.1969;-17,5
Svalbard Lufthavn;SN99840;05.1969;-4,1
Svalbard Lufthavn;SN99840;06.1969;0,4
Svalbard Lufthavn;SN99840;07.1969;6,5
Svalbard Lufthavn;SN99840;08.1969;4,4
Svalbard Lufthavn;SN99840;09.1969;2,5
Svalbard Lufthavn;SN99840;10.1969;-1,8
Svalbard Lufthavn;SN99840;11.1969;-11,5
Svalbard Lufthavn;SN99840;12.1969;-10,4
Svalbard Lufthavn;SN99840;01.1970;-15,6
Svalbard Lufthavn;SN99840;02.1970;-20,1
Svalbard Lufthavn;SN99840;03.1970;-12,9
Svalbard Lufthavn;SN99840;04.1970;-15,5
Svalbard Lufthavn;SN99840;05.1970;-3,1
Svalbard Lufthavn;SN99840;06.1970;1,8
Svalbard Lufthavn;SN99840;07.1970;5,7
Svalbard Lufthavn;SN99840;08.1970;4
Svalbard Lufthavn;SN99840;09.1970;0,1
Svalbard Lufthavn;SN99840;10.1970;-3,9
Svalbard Lufthavn;SN99840;11.1970;-12,8
Svalbard Lufthavn;SN99840;12.1970;-14,7
Svalbard Lufthavn;SN99840;01.1971;-22,4
Svalbard Lufthavn;SN99840;02.1971;-11,9
Svalbard Lufthavn;SN99840;03.1971;-17,1
Svalbard Lufthavn;SN99840;04.1971;-12,7
Svalbard Lufthavn;SN99840;05.1971;-3,1
Svalbard Lufthavn;SN99840;06.1971;4,2
Svalbard Lufthavn;SN99840;07.1971;5,6
Svalbard Lufthavn;SN99840;08.1971;4,4
Svalbard Lufthavn;SN99840;09.1971;0,3
Svalbard Lufthavn;SN99840;10.1971;-7,9
Svalbard Lufthavn;SN99840;11.1971;-16,9
Svalbard Lufthavn;SN99840;12.1971;-11,2
Svalbard Lufthavn;SN99840;01.1972;-4,1
Svalbard Lufthavn;SN99840;02.1972;-12,5
Svalbard Lufthavn;SN99840;03.1972;-11,6
Svalbard Lufthavn;SN99840;04.1972;-12,4
Svalbard Lufthavn;SN99840;05.1972;-3,3
Svalbard Lufthavn;SN99840;06.1972;4,1
Svalbard Lufthavn;SN99840;07.1972;5,9
Svalbard Lufthavn;SN99840;08.1972;5
Svalbard Lufthavn;SN99840;09.1972;2,1
Svalbard Lufthavn;SN99840;10.1972;-4
Svalbard Lufthavn;SN99840;11.1972;-4,3
Svalbard Lufthavn;SN99840;12.1972;-9,1
Svalbard Lufthavn;SN99840;01.1973;-8,2
Svalbard Lufthavn;SN99840;02.1973;-18,5
Svalbard Lufthavn;SN99840;03.1973;-16,6
Svalbard Lufthavn;SN99840;04.1973;-9,1
Svalbard Lufthavn;SN99840;05.1973;-4,7
Svalbard Lufthavn;SN99840;06.1973;2,5
Svalbard Lufthavn;SN99840;07.1973;5,9
Svalbard Lufthavn;SN99840;08.1973;3,8
Svalbard Lufthavn;SN99840;09.1973;0,3
Svalbard Lufthavn;SN99840;10.1973;-7,6
Svalbard Lufthavn;SN99840;11.1973;-14,8
Svalbard Lufthavn;SN99840;12.1973;-16,1
Svalbard Lufthavn;SN99840;01.1974;-6,7
Svalbard Lufthavn;SN99840;02.1974;-11,1
Svalbard Lufthavn;SN99840;03.1974;-9,1
Svalbard Lufthavn;SN99840;04.1974;-13,1
Svalbard Lufthavn;SN99840;05.1974;-5,4
Svalbard Lufthavn;SN99840;06.1974;2,8
Svalbard Lufthavn;SN99840;07.1974;6,7
Svalbard Lufthavn;SN99840;08.1974;5,5
Svalbard Lufthavn;SN99840;09.1974;0,6
Svalbard Lufthavn;SN99840;10.1974;-3
Svalbard Lufthavn;SN99840;11.1974;-7
Svalbard Lufthavn;SN99840;12.1974;-6,7
Svalbard Lufthavn;SN99840;01.1975;-15,1
Svalbard Lufthavn;SN99840;02.1975;-12,9
Svalbard Lufthavn;SN99840;03.1975;-15,7
Svalbard Lufthavn;SN99840;04.1975;-11,1
Svalbard Lufthavn;SN99840;05.1975;-5,2
Svalbard Lufthavn;SN99840;06.1975;1,4
Svalbard Lufthavn;SN99840;07.1975;5,6
Svalbard Lufthavn;SN99840;08.1975;5,1
Svalbard Lufthavn;SN99840;09.1975;1
Svalbard Lufthavn;SN99840;10.1975;-7,4
Svalbard Lufthavn;SN99840;11.1975;-10,6
Svalbard Lufthavn;SN99840;12.1975;-19,5
Svalbard Lufthavn;SN99840;01.1976;-14,8
Svalbard Lufthavn;SN99840;02.1976;-12,7
Svalbard Lufthavn;SN99840;03.1976;-7,6
Svalbard Lufthavn;SN99840;04.1976;-10,7
Svalbard Lufthavn;SN99840;05.1976;-2,5
Svalbard Lufthavn;SN99840;06.1976;3,1
Svalbard Lufthavn;SN99840;07.1976;5,9
Svalbard Lufthavn;SN99840;08.1976;4,6
Svalbard Lufthavn;SN99840;09.1976;-0,9
Svalbard Lufthavn;SN99840;10.1976;-3,8
Svalbard Lufthavn;SN99840;11.1976;-7,8
Svalbard Lufthavn;SN99840;12.1976;-8
Svalbard Lufthavn;SN99840;01.1977;-11
Svalbard Lufthavn;SN99840;02.1977;-17,8
Svalbard Lufthavn;SN99840;03.1977;-23,3
Svalbard Lufthavn;SN99840;04.1977;-15,8
Svalbard Lufthavn;SN99840;05.1977;-4,7
Svalbard Lufthavn;SN99840;06.1977;1,5
Svalbard Lufthavn;SN99840;07.1977;5,8
Svalbard Lufthavn;SN99840;08.1977;4,9
Svalbard Lufthavn;SN99840;09.1977;0,2
Svalbard Lufthavn;SN99840;10.1977;-4
Svalbard Lufthavn;SN99840;11.1977;-6,9
Svalbard Lufthavn;SN99840;12.1977;-9,5
Svalbard Lufthavn;SN99840;01.1978;-20,7
Svalbard Lufthavn;SN99840;02.1978;-20,4
Svalbard Lufthavn;SN99840;03.1978;-17,5
Svalbard Lufthavn;SN99840;04.1978;-9,8
Svalbard Lufthavn;SN99840;05.1978;-3,8
Svalbard Lufthavn;SN99840;06.1978;1,7
Svalbard Lufthavn;SN99840;07.1978;5,9
Svalbard Lufthavn;SN99840;08.1978;4,9
Svalbard Lufthavn;SN99840;09.1978;-1,8
Svalbard Lufthavn;SN99840;10.1978;-5,8
Svalbard Lufthavn;SN99840;11.1978;-10,9
Svalbard Lufthavn;SN99840;12.1978;-12,4
Svalbard Lufthavn;SN99840;01.1979;-20,5
Svalbard Lufthavn;SN99840;02.1979;-20,5
Svalbard Lufthavn;SN99840;03.1979;-15,8
Svalbard Lufthavn;SN99840;04.1979;-17,3
Svalbard Lufthavn;SN99840;05.1979;-8,1
Svalbard Lufthavn;SN99840;06.1979;-0,6
Svalbard Lufthavn;SN99840;07.1979;7,5
Svalbard Lufthavn;SN99840;08.1979;4,8
Svalbard Lufthavn;SN99840;09.1979;1
Svalbard Lufthavn;SN99840;10.1979;-4,3
Svalbard Lufthavn;SN99840;11.1979;-6,8
Svalbard Lufthavn;SN99840;12.1979;-12,7
Svalbard Lufthavn;SN99840;01.1980;-16,7
Svalbard Lufthavn;SN99840;02.1980;-14,8
Svalbard Lufthavn;SN99840;03.1980;-15,1
Svalbard Lufthavn;SN99840;04.1980;-9,4
Svalbard Lufthavn;SN99840;05.1980;-3,4
Svalbard Lufthavn;SN99840;06.1980;3,4
Svalbard Lufthavn;SN99840;07.1980;5,9
Svalbard Lufthavn;SN99840;08.1980;4,1
Svalbard Lufthavn;SN99840;09.1980;1
Svalbard Lufthavn;SN99840;10.1980;-7,5
Svalbard Lufthavn;SN99840;11.1980;-15,1
Svalbard Lufthavn;SN99840;12.1980;-18,9
Svalbard Lufthavn;SN99840;01.1981;-22
Svalbard Lufthavn;SN99840;02.1981;-12,5
Svalbard Lufthavn;SN99840;03.1981;-19,2
Svalbard Lufthavn;SN99840;04.1981;-12,2
Svalbard Lufthavn;SN99840;05.1981;-5,3
Svalbard Lufthavn;SN99840;06.1981;-0,1
Svalbard Lufthavn;SN99840;07.1981;5,2
Svalbard Lufthavn;SN99840;08.1981;5,3
Svalbard Lufthavn;SN99840;09.1981;1,3
Svalbard Lufthavn;SN99840;10.1981;-3,6
Svalbard Lufthavn;SN99840;11.1981;-7,4
Svalbard Lufthavn;SN99840;12.1981;-15
Svalbard Lufthavn;SN99840;01.1982;-19,7
Svalbard Lufthavn;SN99840;02.1982;-15,5
Svalbard Lufthavn;SN99840;03.1982;-8,5
Svalbard Lufthavn;SN99840;04.1982;-9,9
Svalbard Lufthavn;SN99840;05.1982;-4,1
Svalbard Lufthavn;SN99840;06.1982;0,9
Svalbard Lufthavn;SN99840;07.1982;5,1
Svalbard Lufthavn;SN99840;08.1982;3,8
Svalbard Lufthavn;SN99840;09.1982;-2,7
Svalbard Lufthavn;SN99840;10.1982;-5,3
Svalbard Lufthavn;SN99840;11.1982;-8,6
Svalbard Lufthavn;SN99840;12.1982;-13,2
Svalbard Lufthavn;SN99840;01.1983;-10,8
Svalbard Lufthavn;SN99840;02.1983;-15,8
Svalbard Lufthavn;SN99840;03.1983;-10
Svalbard Lufthavn;SN99840;04.1983;-11,7
Svalbard Lufthavn;SN99840;05.1983;-3,4
Svalbard Lufthavn;SN99840;06.1983;1,1
Svalbard Lufthavn;SN99840;07.1983;6
Svalbard Lufthavn;SN99840;08.1983;4,1
Svalbard Lufthavn;SN99840;09.1983;1
Svalbard Lufthavn;SN99840;10.1983;-6,4
Svalbard Lufthavn;SN99840;11.1983;-14,3
Svalbard Lufthavn;SN99840;12.1983;-17,1
Svalbard Lufthavn;SN99840;01.1984;-8,8
Svalbard Lufthavn;SN99840;02.1984;-9
Svalbard Lufthavn;SN99840;03.1984;-14,5
Svalbard Lufthavn;SN99840;04.1984;-8
Svalbard Lufthavn;SN99840;05.1984;-2,9
Svalbard Lufthavn;SN99840;06.1984;2,7
Svalbard Lufthavn;SN99840;07.1984;6,6
Svalbard Lufthavn;SN99840;08.1984;5
Svalbard Lufthavn;SN99840;09.1984;1,5
Svalbard Lufthavn;SN99840;10.1984;-2,5
Svalbard Lufthavn;SN99840;11.1984;-4,6
Svalbard Lufthavn;SN99840;12.1984;-2,7
Svalbard Lufthavn;SN99840;01.1985;-12,7
Svalbard Lufthavn;SN99840;02.1985;-9,5
Svalbard Lufthavn;SN99840;03.1985;-11,8
Svalbard Lufthavn;SN99840;04.1985;-13,4
Svalbard Lufthavn;SN99840;05.1985;-3,8
Svalbard Lufthavn;SN99840;06.1985;3,1
Svalbard Lufthavn;SN99840;07.1985;7,1
Svalbard Lufthavn;SN99840;08.1985;4,7
Svalbard Lufthavn;SN99840;09.1985;0,5
Svalbard Lufthavn;SN99840;10.1985;-6,7
Svalbard Lufthavn;SN99840;11.1985;-9,6
Svalbard Lufthavn;SN99840;12.1985;-13,4
Svalbard Lufthavn;SN99840;01.1986;-15,7
Svalbard Lufthavn;SN99840;02.1986;-22,5
Svalbard Lufthavn;SN99840;03.1986;-13,9
Svalbard Lufthavn;SN99840;04.1986;-14,6
Svalbard Lufthavn;SN99840;05.1986;-3,1
Svalbard Lufthavn;SN99840;06.1986;3,7
Svalbard Lufthavn;SN99840;07.1986;6,4
Svalbard Lufthavn;SN99840;08.1986;5,2
Svalbard Lufthavn;SN99840;09.1986;-1,3
Svalbard Lufthavn;SN99840;10.1986;-4
Svalbard Lufthavn;SN99840;11.1986;-9,2
Svalbard Lufthavn;SN99840;12.1986;-11,2
Svalbard Lufthavn;SN99840;01.1987;-11,9
Svalbard Lufthavn;SN99840;02.1987;-17,8
Svalbard Lufthavn;SN99840;03.1987;-14
Svalbard Lufthavn;SN99840;04.1987;-8,9
Svalbard Lufthavn;SN99840;05.1987;-3,5
Svalbard Lufthavn;SN99840;06.1987;2,1
Svalbard Lufthavn;SN99840;07.1987;4,7
Svalbard Lufthavn;SN99840;08.1987;4
Svalbard Lufthavn;SN99840;09.1987;-1,4
Svalbard Lufthavn;SN99840;10.1987;-6,5
Svalbard Lufthavn;SN99840;11.1987;-10,4
Svalbard Lufthavn;SN99840;12.1987;-18,1
Svalbard Lufthavn;SN99840;01.1988;-16,9
Svalbard Lufthavn;SN99840;02.1988;-14,6
Svalbard Lufthavn;SN99840;03.1988;-19,6
Svalbard Lufthavn;SN99840;04.1988;-18,1
Svalbard Lufthavn;SN99840;05.1988;-2,6
Svalbard Lufthavn;SN99840;06.1988;2,9
Svalbard Lufthavn;SN99840;07.1988;6,7
Svalbard Lufthavn;SN99840;08.1988;5,5
Svalbard Lufthavn;SN99840;09.1988;-1,5
Svalbard Lufthavn;SN99840;10.1988;-9,3
Svalbard Lufthavn;SN99840;11.1988;-16,9
Svalbard Lufthavn;SN99840;12.1988;-22,5
Svalbard Lufthavn;SN99840;01.1989;-18,4
Svalbard Lufthavn;SN99840;02.1989;-19,3
Svalbard Lufthavn;SN99840;03.1989;-14,8
Svalbard Lufthavn;SN99840;04.1989;-8,1
Svalbard Lufthavn;SN99840;05.1989;-1,5
Svalbard Lufthavn;SN99840;06.1989;2,4
Svalbard Lufthavn;SN99840;07.1989;5,3
Svalbard Lufthavn;SN99840;08.1989;4,7
Svalbard Lufthavn;SN99840;09.1989;1,3
Svalbard Lufthavn;SN99840;10.1989;-5,6
Svalbard Lufthavn;SN99840;11.1989;-9,4
Svalbard Lufthavn;SN99840;12.1989;-15,2
Svalbard Lufthavn;SN99840;01.1990;-6,2
Svalbard Lufthavn;SN99840;02.1990;-9,9
Svalbard Lufthavn;SN99840;03.1990;-15,3
Svalbard Lufthavn;SN99840;04.1990;-8,2
Svalbard Lufthavn;SN99840;05.1990;-4,1
Svalbard Lufthavn;SN99840;06.1990;2,7
Svalbard Lufthavn;SN99840;07.1990;6,4
Svalbard Lufthavn;SN99840;08.1990;5,5
Svalbard Lufthavn;SN99840;09.1990;5,2
Svalbard Lufthavn;SN99840;10.1990;-2,4
Svalbard Lufthavn;SN99840;11.1990;-11,9
Svalbard Lufthavn;SN99840;12.1990;-9
Svalbard Lufthavn;SN99840;01.1991;-12,3
Svalbard Lufthavn;SN99840;02.1991;-9,1
Svalbard Lufthavn;SN99840;03.1991;-8,6
Svalbard Lufthavn;SN99840;04.1991;-11,8
Svalbard Lufthavn;SN99840;05.1991;-4
Svalbard Lufthavn;SN99840;06.1991;2,5
Svalbard Lufthavn;SN99840;07.1991;5,5
Svalbard Lufthavn;SN99840;08.1991;6,2
Svalbard Lufthavn;SN99840;09.1991;0,7
Svalbard Lufthavn;SN99840;10.1991;-5,2
Svalbard Lufthavn;SN99840;11.1991;-11,6
Svalbard Lufthavn;SN99840;12.1991;-12,9
Svalbard Lufthavn;SN99840;01.1992;-12,7
Svalbard Lufthavn;SN99840;02.1992;-17,6
Svalbard Lufthavn;SN99840;03.1992;-11,4
Svalbard Lufthavn;SN99840;04.1992;-6,5
Svalbard Lufthavn;SN99840;05.1992;-2,7
Svalbard Lufthavn;SN99840;06.1992;3,1
Svalbard Lufthavn;SN99840;07.1992;5,9
Svalbard Lufthavn;SN99840;08.1992;4,6
Svalbard Lufthavn;SN99840;09.1992;3
Svalbard Lufthavn;SN99840;10.1992;-8,1
Svalbard Lufthavn;SN99840;11.1992;-6,8
Svalbard Lufthavn;SN99840;12.1992;-12,2
Svalbard Lufthavn;SN99840;01.1993;-17
Svalbard Lufthavn;SN99840;02.1993;-16,4
Svalbard Lufthavn;SN99840;03.1993;-16,3
Svalbard Lufthavn;SN99840;04.1993;-14,5
Svalbard Lufthavn;SN99840;05.1993;-3,7
Svalbard Lufthavn;SN99840;06.1993;2,3
Svalbard Lufthavn;SN99840;07.1993;7,8
Svalbard Lufthavn;SN99840;08.1993;6,5
Svalbard Lufthavn;SN99840;09.1993;-0,1
Svalbard Lufthavn;SN99840;10.1993;-8,7
Svalbard Lufthavn;SN99840;11.1993;-2,1
Svalbard Lufthavn;SN99840;12.1993;-11,3
Svalbard Lufthavn;SN99840;01.1994;-16,8
Svalbard Lufthavn;SN99840;02.1994;-16,2
Svalbard Lufthavn;SN99840;03.1994;-9,4
Svalbard Lufthavn;SN99840;04.1994;-6,5
Svalbard Lufthavn;SN99840;05.1994;-3,9
Svalbard Lufthavn;SN99840;06.1994;3,1
Svalbard Lufthavn;SN99840;07.1994;5,1
Svalbard Lufthavn;SN99840;08.1994;3,4
Svalbard Lufthavn;SN99840;09.1994;0,5
Svalbard Lufthavn;SN99840;10.1994;-8,6
Svalbard Lufthavn;SN99840;11.1994;-14,2
Svalbard Lufthavn;SN99840;12.1994;-8
Svalbard Lufthavn;SN99840;01.1995;-16,4
Svalbard Lufthavn;SN99840;02.1995;-13,9
Svalbard Lufthavn;SN99840;03.1995;-15,2
Svalbard Lufthavn;SN99840;04.1995;-6,7
Svalbard Lufthavn;SN99840;05.1995;-2,5
Svalbard Lufthavn;SN99840;06.1995;3,3
Svalbard Lufthavn;SN99840;07.1995;6,3
Svalbard Lufthavn;SN99840;08.1995;5,4
Svalbard Lufthavn;SN99840;09.1995;2,2
Svalbard Lufthavn;SN99840;10.1995;-6,3
Svalbard Lufthavn;SN99840;11.1995;-14,3
Svalbard Lufthavn;SN99840;12.1995;-14,4
Svalbard Lufthavn;SN99840;01.1996;-9,8
Svalbard Lufthavn;SN99840;02.1996;-17,2
Svalbard Lufthavn;SN99840;03.1996;-6,8
Svalbard Lufthavn;SN99840;04.1996;-9,4
Svalbard Lufthavn;SN99840;05.1996;-4,8
Svalbard Lufthavn;SN99840;06.1996;2,3
Svalbard Lufthavn;SN99840;07.1996;5,3
Svalbard Lufthavn;SN99840;08.1996;5
Svalbard Lufthavn;SN99840;09.1996;0,8
Svalbard Lufthavn;SN99840;10.1996;-3,9
Svalbard Lufthavn;SN99840;11.1996;-4,8
Svalbard Lufthavn;SN99840;12.1996;-16
Svalbard Lufthavn;SN99840;01.1997;-17,8
Svalbard Lufthavn;SN99840;02.1997;-15,8
Svalbard Lufthavn;SN99840;03.1997;-11,9
Svalbard Lufthavn;SN99840;04.1997;-13,7
Svalbard Lufthavn;SN99840;05.1997;-3,3
Svalbard Lufthavn;SN99840;06.1997;2,6
Svalbard Lufthavn;SN99840;07.1997;5,2
Svalbard Lufthavn;SN99840;08.1997;4,6
Svalbard Lufthavn;SN99840;09.1997;0,6
Svalbard Lufthavn;SN99840;10.1997;-4,9
Svalbard Lufthavn;SN99840;11.1997;-8,2
Svalbard Lufthavn;SN99840;12.1997;-9,9
Svalbard Lufthavn;SN99840;01.1998;-20
Svalbard Lufthavn;SN99840;02.1998;-20,1
Svalbard Lufthavn;SN99840;03.1998;-13,1
Svalbard Lufthavn;SN99840;04.1998;-12,5
Svalbard Lufthavn;SN99840;05.1998;-5,6
Svalbard Lufthavn;SN99840;06.1998;2,6
Svalbard Lufthavn;SN99840;07.1998;8,2
Svalbard Lufthavn;SN99840;08.1998;6,8
Svalbard Lufthavn;SN99840;09.1998;0,3
Svalbard Lufthavn;SN99840;10.1998;-3,8
Svalbard Lufthavn;SN99840;11.1998;-5,3
Svalbard Lufthavn;SN99840;12.1998;-11,7
Svalbard Lufthavn;SN99840;01.1999;-10
Svalbard Lufthavn;SN99840;02.1999;-12,7
Svalbard Lufthavn;SN99840;03.1999;-7,7
Svalbard Lufthavn;SN99840;04.1999;-10,6
Svalbard Lufthavn;SN99840;05.1999;-2,1
Svalbard Lufthavn;SN99840;06.1999;2,7
Svalbard Lufthavn;SN99840;07.1999;6,3
Svalbard Lufthavn;SN99840;08.1999;4,8
Svalbard Lufthavn;SN99840;09.1999;2,8
Svalbard Lufthavn;SN99840;10.1999;-6,2
Svalbard Lufthavn;SN99840;11.1999;-3,9
Svalbard Lufthavn;SN99840;12.1999;-10,1
Svalbard Lufthavn;SN99840;01.2000;-8,5
Svalbard Lufthavn;SN99840;02.2000;-11,1
Svalbard Lufthavn;SN99840;03.2000;-14,7
Svalbard Lufthavn;SN99840;04.2000;-12,7
Svalbard Lufthavn;SN99840;05.2000;-4,4
Svalbard Lufthavn;SN99840;06.2000;2,1
Svalbard Lufthavn;SN99840;07.2000;6
Svalbard Lufthavn;SN99840;08.2000;5,1
Svalbard Lufthavn;SN99840;09.2000;2,1
Svalbard Lufthavn;SN99840;10.2000;1,4
Svalbard Lufthavn;SN99840;11.2000;-3,7
Svalbard Lufthavn;SN99840;12.2000;-9,7
Svalbard Lufthavn;SN99840;01.2001;-8,3
Svalbard Lufthavn;SN99840;02.2001;-9,1
Svalbard Lufthavn;SN99840;03.2001;-16,4
Svalbard Lufthavn;SN99840;04.2001;-12,3
Svalbard Lufthavn;SN99840;05.2001;-3
Svalbard Lufthavn;SN99840;06.2001;3,3
Svalbard Lufthavn;SN99840;07.2001;6,4
Svalbard Lufthavn;SN99840;08.2001;6,5
Svalbard Lufthavn;SN99840;09.2001;3,3
Svalbard Lufthavn;SN99840;10.2001;-5,1
Svalbard Lufthavn;SN99840;11.2001;-11,1
Svalbard Lufthavn;SN99840;12.2001;-9
Svalbard Lufthavn;SN99840;01.2002;-12,6
Svalbard Lufthavn;SN99840;02.2002;-13,5
Svalbard Lufthavn;SN99840;03.2002;-18,1
Svalbard Lufthavn;SN99840;04.2002;-6,1
Svalbard Lufthavn;SN99840;05.2002;-3,4
Svalbard Lufthavn;SN99840;06.2002;3,7
Svalbard Lufthavn;SN99840;07.2002;7
Svalbard Lufthavn;SN99840;08.2002;7,5
Svalbard Lufthavn;SN99840;09.2002;0,1
Svalbard Lufthavn;SN99840;10.2002;-3
Svalbard Lufthavn;SN99840;11.2002;-5,6
Svalbard Lufthavn;SN99840;12.2002;-7,5
Svalbard Lufthavn;SN99840;01.2003;-18,6
Svalbard Lufthavn;SN99840;02.2003;-12,2
Svalbard Lufthavn;SN99840;03.2003;-17,2
Svalbard Lufthavn;SN99840;04.2003;-9,6
Svalbard Lufthavn;SN99840;05.2003;-2,6
Svalbard Lufthavn;SN99840;06.2003;2,8
Svalbard Lufthavn;SN99840;07.2003;6,9
Svalbard Lufthavn;SN99840;08.2003;6,5
Svalbard Lufthavn;SN99840;09.2003;0,7
Svalbard Lufthavn;SN99840;10.2003;-4,3
Svalbard Lufthavn;SN99840;11.2003;-6,7
Svalbard Lufthavn;SN99840;12.2003;-19,1
Svalbard Lufthavn;SN99840;01.2004;-17
Svalbard Lufthavn;SN99840;02.2004;-17,4
Svalbard Lufthavn;SN99840;03.2004;-7,8
Svalbard Lufthavn;SN99840;04.2004;-4,2
Svalbard Lufthavn;SN99840;05.2004;-1,7
Svalbard Lufthavn;SN99840;06.2004;3,1
Svalbard Lufthavn;SN99840;07.2004;7,7
Svalbard Lufthavn;SN99840;08.2004;5,8
Svalbard Lufthavn;SN99840;09.2004;1,5
Svalbard Lufthavn;SN99840;10.2004;-3,5
Svalbard Lufthavn;SN99840;11.2004;-11,7
Svalbard Lufthavn;SN99840;12.2004;-6,6
Svalbard Lufthavn;SN99840;01.2005;-7,5
Svalbard Lufthavn;SN99840;02.2005;-6,7
Svalbard Lufthavn;SN99840;03.2005;-17
Svalbard Lufthavn;SN99840;04.2005;-8,9
Svalbard Lufthavn;SN99840;05.2005;-1,1
Svalbard Lufthavn;SN99840;06.2005;4,6
Svalbard Lufthavn;SN99840;07.2005;7,3
Svalbard Lufthavn;SN99840;08.2005;6,8
Svalbard Lufthavn;SN99840;09.2005;-0,2
Svalbard Lufthavn;SN99840;10.2005;-5,2
Svalbard Lufthavn;SN99840;11.2005;-3,9
Svalbard Lufthavn;SN99840;12.2005;-3,8
Svalbard Lufthavn;SN99840;01.2006;-2,7
Svalbard Lufthavn;SN99840;02.2006;-9,8
Svalbard Lufthavn;SN99840;03.2006;-13,2
Svalbard Lufthavn;SN99840;04.2006;0,1
Svalbard Lufthavn;SN99840;05.2006;0,9
Svalbard Lufthavn;SN99840;06.2006;4,8
Svalbard Lufthavn;SN99840;07.2006;7,5
Svalbard Lufthavn;SN99840;08.2006;6,6
Svalbard Lufthavn;SN99840;09.2006;1,7
Svalbard Lufthavn;SN99840;10.2006;-5,5
Svalbard Lufthavn;SN99840;11.2006;-4,1
Svalbard Lufthavn;SN99840;12.2006;-6,3
Svalbard Lufthavn;SN99840;01.2007;-8,9
Svalbard Lufthavn;SN99840;02.2007;-9
Svalbard Lufthavn;SN99840;03.2007;-6,7
Svalbard Lufthavn;SN99840;04.2007;-9,4
Svalbard Lufthavn;SN99840;05.2007;-1,4
Svalbard Lufthavn;SN99840;06.2007;5,1
Svalbard Lufthavn;SN99840;07.2007;7,8
Svalbard Lufthavn;SN99840;08.2007;6,4
Svalbard Lufthavn;SN99840;09.2007;2,1
Svalbard Lufthavn;SN99840;10.2007;-2,5
Svalbard Lufthavn;SN99840;11.2007;-5,3
Svalbard Lufthavn;SN99840;12.2007;-8,6
Svalbard Lufthavn;SN99840;01.2008;-7,5
Svalbard Lufthavn;SN99840;02.2008;-8,9
Svalbard Lufthavn;SN99840;03.2008;-14,7
Svalbard Lufthavn;SN99840;04.2008;-10,5
Svalbard Lufthavn;SN99840;05.2008;-1,9
Svalbard Lufthavn;SN99840;06.2008;3,4
Svalbard Lufthavn;SN99840;07.2008;6,2
Svalbard Lufthavn;SN99840;08.2008;5
Svalbard Lufthavn;SN99840;09.2008;3,3
Svalbard Lufthavn;SN99840;10.2008;-5,7
Svalbard Lufthavn;SN99840;11.2008;-8,6
Svalbard Lufthavn;SN99840;12.2008;-8
Svalbard Lufthavn;SN99840;01.2009;-12,7
Svalbard Lufthavn;SN99840;02.2009;-11,3
Svalbard Lufthavn;SN99840;03.2009;-11,5
Svalbard Lufthavn;SN99840;04.2009;-15,9
Svalbard Lufthavn;SN99840;05.2009;-1
Svalbard Lufthavn;SN99840;06.2009;3
Svalbard Lufthavn;SN99840;07.2009;7,7
Svalbard Lufthavn;SN99840;08.2009;6,3
Svalbard Lufthavn;SN99840;09.2009;1,7
Svalbard Lufthavn;SN99840;10.2009;-3,6
Svalbard Lufthavn;SN99840;11.2009;-1,9
Svalbard Lufthavn;SN99840;12.2009;-5,5
Svalbard Lufthavn;SN99840;01.2010;-7,2
Svalbard Lufthavn;SN99840;02.2010;-10,3
Svalbard Lufthavn;SN99840;03.2010;-15,8
Svalbard Lufthavn;SN99840;04.2010;-7,7
Svalbard Lufthavn;SN99840;05.2010;0
Svalbard Lufthavn;SN99840;06.2010;3,5
Svalbard Lufthavn;SN99840;07.2010;6,6
Svalbard Lufthavn;SN99840;08.2010;4,8
Svalbard Lufthavn;SN99840;09.2010;2
Svalbard Lufthavn;SN99840;10.2010;-2,9
Svalbard Lufthavn;SN99840;11.2010;-11
Svalbard Lufthavn;SN99840;12.2010;-11,6
Svalbard Lufthavn;SN99840;01.2011;-15,2
Svalbard Lufthavn;SN99840;02.2011;-12,7
Svalbard Lufthavn;SN99840;03.2011;-12,7
Svalbard Lufthavn;SN99840;04.2011;-5,8
Svalbard Lufthavn;SN99840;05.2011;-1,6
Svalbard Lufthavn;SN99840;06.2011;4,8
Svalbard Lufthavn;SN99840;07.2011;6,9
Svalbard Lufthavn;SN99840;08.2011;6,9
Svalbard Lufthavn;SN99840;09.2011;4,4
Svalbard Lufthavn;SN99840;10.2011;-2,6
Svalbard Lufthavn;SN99840;11.2011;-6
Svalbard Lufthavn;SN99840;12.2011;-6,6
Svalbard Lufthavn;SN99840;01.2012;-3,4
Svalbard Lufthavn;SN99840;02.2012;-5,6
Svalbard Lufthavn;SN99840;03.2012;-5,3
Svalbard Lufthavn;SN99840;04.2012;-9,2
Svalbard Lufthavn;SN99840;05.2012;-2,4
Svalbard Lufthavn;SN99840;06.2012;3,9
Svalbard Lufthavn;SN99840;07.2012;6,6
Svalbard Lufthavn;SN99840;08.2012;5,7
Svalbard Lufthavn;SN99840;09.2012;3
Svalbard Lufthavn;SN99840;10.2012;-2,7
Svalbard Lufthavn;SN99840;11.2012;-6,4
Svalbard Lufthavn;SN99840;12.2012;-7,9
Svalbard Lufthavn;SN99840;01.2013;-8,3
Svalbard Lufthavn;SN99840;02.2013;-10,8
Svalbard Lufthavn;SN99840;03.2013;-14,3
Svalbard Lufthavn;SN99840;04.2013;-9,3
Svalbard Lufthavn;SN99840;05.2013;-1,5
Svalbard Lufthavn;SN99840;06.2013;4,4
Svalbard Lufthavn;SN99840;07.2013;7,4
Svalbard Lufthavn;SN99840;08.2013;7,2
Svalbard Lufthavn;SN99840;09.2013;3,7
Svalbard Lufthavn;SN99840;10.2013;-4,7
Svalbard Lufthavn;SN99840;11.2013;-8
Svalbard Lufthavn;SN99840;12.2013;-8,1
Svalbard Lufthavn;SN99840;01.2014;-4,1
Svalbard Lufthavn;SN99840;02.2014;-1,7
Svalbard Lufthavn;SN99840;03.2014;-8,6
Svalbard Lufthavn;SN99840;04.2014;-9,7
Svalbard Lufthavn;SN99840;05.2014;-2
Svalbard Lufthavn;SN99840;06.2014;3,8
Svalbard Lufthavn;SN99840;07.2014;7,2
Svalbard Lufthavn;SN99840;08.2014;6,4
Svalbard Lufthavn;SN99840;09.2014;1,6
Svalbard Lufthavn;SN99840;10.2014;-1,9
Svalbard Lufthavn;SN99840;11.2014;-6,4
Svalbard Lufthavn;SN99840;12.2014;-9,6
Svalbard Lufthavn;SN99840;01.2015;-7,3
Svalbard Lufthavn;SN99840;02.2015;-13,9
Svalbard Lufthavn;SN99840;03.2015;-6,8
Svalbard Lufthavn;SN99840;04.2015;-5,3
Svalbard Lufthavn;SN99840;05.2015;-2,2
Svalbard Lufthavn;SN99840;06.2015;4,6
Svalbard Lufthavn;SN99840;07.2015;8,1
Svalbard Lufthavn;SN99840;08.2015;7,3
Svalbard Lufthavn;SN99840;09.2015;2,8
Svalbard Lufthavn;SN99840;10.2015;-1,8
Svalbard Lufthavn;SN99840;11.2015;-3,4
Svalbard Lufthavn;SN99840;12.2015;-6
Svalbard Lufthavn;SN99840;01.2016;-3,8
Svalbard Lufthavn;SN99840;02.2016;-5,6
Svalbard Lufthavn;SN99840;03.2016;-6,9
Svalbard Lufthavn;SN99840;04.2016;-6,2
Svalbard Lufthavn;SN99840;05.2016;1,4
Svalbard Lufthavn;SN99840;06.2016;5
Svalbard Lufthavn;SN99840;07.2016;8,9
Svalbard Lufthavn;SN99840;08.2016;5,8
Svalbard Lufthavn;SN99840;09.2016;4,1
Svalbard Lufthavn;SN99840;10.2016;3,2
Svalbard Lufthavn;SN99840;11.2016;-0,7
Svalbard Lufthavn;SN99840;12.2016;-6
Svalbard Lufthavn;SN99840;01.2017;-10,3
Svalbard Lufthavn;SN99840;02.2017;-6,9
Svalbard Lufthavn;SN99840;03.2017;-11,7
Svalbard Lufthavn;SN99840;04.2017;-8,3
Svalbard Lufthavn;SN99840;05.2017;-3,9
Svalbard Lufthavn;SN99840;06.2017;4,6
Svalbard Lufthavn;SN99840;07.2017;6,9
Svalbard Lufthavn;SN99840;08.2017;6,1
Svalbard Lufthavn;SN99840;09.2017;4,9
Svalbard Lufthavn;SN99840;10.2017;0,5
Svalbard Lufthavn;SN99840;11.2017;-3,6
Svalbard Lufthavn;SN99840;12.2017;-4,9
Svalbard Lufthavn;SN99840;01.2018;-5,5
Svalbard Lufthavn;SN99840;02.2018;-5,4
Svalbard Lufthavn;SN99840;03.2018;-12,7
Svalbard Lufthavn;SN99840;04.2018;-8,4
Svalbard Lufthavn;SN99840;05.2018;1,8
Svalbard Lufthavn;SN99840;06.2018;4
Svalbard Lufthavn;SN99840;07.2018;7,2
Svalbard Lufthavn;SN99840;08.2018;6,8
Svalbard Lufthavn;SN99840;09.2018;1,7
Svalbard Lufthavn;SN99840;10.2018;-1,4
Svalbard Lufthavn;SN99840;11.2018;-3,8
Svalbard Lufthavn;SN99840;12.2018;-5,8
Svalbard Lufthavn;SN99840;01.2019;-10,3
Svalbard Lufthavn;SN99840;02.2019;-11,1
Svalbard Lufthavn;SN99840;03.2019;-12,6
Svalbard Lufthavn;SN99840;04.2019;-3,9
Svalbard Lufthavn;SN99840;05.2019;-2,3
Svalbard Lufthavn;SN99840;06.2019;4,8
Svalbard Lufthavn;SN99840;07.2019;8,4
Svalbard Lufthavn;SN99840;08.2019;6,2
Svalbard Lufthavn;SN99840;09.2019;2,6
Svalbard Lufthavn;SN99840;10.2019;-4,6
Svalbard Lufthavn;SN99840;11.2019;-7,2
Svalbard Lufthavn;SN99840;12.2019;-10,8
Svalbard Lufthavn;SN99840;01.2020;-13,4
Svalbard Lufthavn;SN99840;02.2020;-15,5
Svalbard Lufthavn;SN99840;03.2020;-16,2
Svalbard Lufthavn;SN99840;04.2020;-8,9
Svalbard Lufthavn;SN99840;05.2020;0,1
Svalbard Lufthavn;SN99840;06.2020;4,5
Svalbard Lufthavn;SN99840;07.2020;9,8
Svalbard Lufthavn;SN99840;08.2020;7,2
Svalbard Lufthavn;SN99840;09.2020;3,2
Svalbard Lufthavn;SN99840;10.2020;-2,2
Svalbard Lufthavn;SN99840;11.2020;-2,9
Svalbard Lufthavn;SN99840;12.2020;-7
Svalbard Lufthavn;SN99840;01.2021;-7,9
Svalbard Lufthavn;SN99840;02.2021;-6,6
Svalbard Lufthavn;SN99840;03.2021;-9,7
Svalbard Lufthavn;SN99840;04.2021;-6,1
Svalbard Lufthavn;SN99840;05.2021;-3,4
Svalbard Lufthavn;SN99840;06.2021;3,1
Svalbard Lufthavn;SN99840;07.2021;6,2
Svalbard Lufthavn;SN99840;08.2021;6,3
Svalbard Lufthavn;SN99840;09.2021;3,7
Svalbard Lufthavn;SN99840;10.2021;-4
Svalbard Lufthavn;SN99840;11.2021;-9,8
Svalbard Lufthavn;SN99840;12.2021;-6,4
Svalbard Lufthavn;SN99840;01.2022;-10,2
Svalbard Lufthavn;SN99840;02.2022;-12,6
Svalbard Lufthavn;SN99840;03.2022;-7,9
Svalbard Lufthavn;SN99840;04.2022;-9,7
Svalbard Lufthavn;SN99840;05.2022;-1,7
Svalbard Lufthavn;SN99840;06.2022;6
Svalbard Lufthavn;SN99840;07.2022;9,3
Svalbard Lufthavn;SN99840;08.2022;6,9
Svalbard Lufthavn;SN99840;09.2022;3,2
Svalbard Lufthavn;SN99840;10.2022;-1,9
Svalbard Lufthavn;SN99840;11.2022;-1
Svalbard Lufthavn;SN99840;12.2022;-8,4
Svalbard Lufthavn;SN99840;01.2023;-3,9
Svalbard Lufthavn;SN99840;02.2023;-6,7
Svalbard Lufthavn;SN99840;03.2023;-5,3
Data er gyldig per 03.03.2023 (CC BY 4.0), Meteorologisk institutt (MET);;;
