"Kjøpsdato";"Posteringsdato";"Beskrivelse";"Beløp"
"2023-10-11";"2023-10-13";"KIWI 803 KRONST, Bergen, NOR";"-74,31"
"2023-10-10";"2023-10-12";"KIWI 803 KRONST, Bergen, NOR";"-164,66"
"2023-10-09";"2023-10-11";"KIWI 803 KRONST, Bergen, NOR";"-47,50"
"2023-10-07";"2023-10-09";"KIWI 803 KRONST, Bergen, NOR";"-381,00"
"2023-10-06";"2023-10-09";"Vipps*Anders Torbjoern, Oslo, NOR";"-4000,00"
"2023-10-06";"2023-10-09";"PlayStation Network, Hilversum, NLD";"-580,00"
"2023-10-03";"2023-10-05";"KIWI 803 KRONST, Bergen, NOR";"-467,38"
"2023-10-02";"2023-10-02";"Omkostninger Penger tilbake";"-10,00"
"2023-09-14";"2023-09-15";"Innbetaling";"6982,50"
"2023-09-01";"2023-09-01";"Renter";"-7,61"
"2023-09-01";"2023-09-01";"Omkostninger Penger tilbake";"-10,00"
"2023-08-29";"2023-08-31";"KIWI 803 KRONST, Bergen, NOR";"-112,54"
"2023-08-24";"2023-08-28";"KIWI 803 KRONST, Bergen, NOR";"-347,22"
"2023-08-22";"2023-08-23";"AKADEMIKA HVL, BERGEN, NOR";"-135,00"
"2023-08-20";"2023-08-21";"WEBHUSET AS, Bergen, NOR";"-1067,50"
"2023-08-18";"2023-08-18";"Vipps*Anders Torbjoern, Oslo, NOR";"-4000,00"
"2023-08-15";"2023-08-16";"Ryde Technology AS, Oslo, NOR";"-23,40"
"2023-08-08";"2023-08-09";"Innbetaling";"8747,18"
"2023-08-03";"2023-08-04";"Overføring fra kredittkort til konto 4580.13.49386";"-173,00"
"2023-08-04";"2023-08-04";"Omkostninger kontantoverføring";"-26,73"
"2023-08-02";"2023-08-03";"Vipps*Stian Skaar, Oslo, NOR";"-89,00"
"2023-08-02";"2023-08-02";"Høgskulen På Vestlandet";"-790,00"
"2023-08-02";"2023-08-02";"Omkostninger regningsbetaling";"-32,90"
"2023-08-01";"2023-08-03";"KIWI 846 MEIERI, OErsta, NOR";"-167,60"
"2023-08-01";"2023-08-01";"Renter";"-18,48"
"2023-08-01";"2023-08-01";"Omkostninger Penger tilbake";"-10,00"
"2023-07-30";"2023-07-31";"Vipps*Stian Skaar, Oslo, NOR";"-97,00"
"2023-07-28";"2023-07-31";"KIWI 846 MEIERI, OErsta, NOR";"-400,41"
"2023-07-27";"2023-07-27";"Vipps*Hakon Mydland, Oslo, NOR";"-2000,00"
"2023-07-14";"2023-07-17";"Vipps*Malin Torbjoerns, Oslo, NOR";"-83,00"
"2023-07-14";"2023-07-17";"Innbetaling";"1300,70"
"2023-07-10";"2023-07-11";"DET LILLE NAPOL, ?RSTA, NOR";"-410,00"
"2023-07-10";"2023-07-11";"Vipps*Stian Skaar, Oslo, NOR";"-84,00"
"2023-07-09";"2023-07-12";"BUNNPRIS ?RSTA, OErsta, NOR";"-42,80"
"2023-07-08";"2023-07-10";"KIWI 846 MEIERI, OErsta, NOR";"-323,50"
"2023-07-07";"2023-07-10";"KIWI 846 MEIERI, OErsta, NOR";"-121,93"
"2023-07-06";"2023-07-10";"Wideroe 7014560934439, Bodo, NOR";"-319,00"
"2023-07-06";"2023-07-10";"Wideroe 7012131744732, Bodo, NOR";"-1348,00"
"2023-07-06";"2023-07-10";"KIWI 846 MEIERI, OErsta, NOR";"-987,06"
"2023-07-03";"2023-07-04";"Vipps*Skyss Mobillett, Oslo, NOR";"-24,00"
"2023-07-03";"2023-07-04";"Vipps*VY App, Oslo, NOR";"-643,00"
"2023-07-03";"2023-07-03";"Omkostninger Penger tilbake";"-10,00"
"2023-07-01";"2023-07-03";"PALMESUS, KRISTIANSAND, NOR";"-572,00"
"2023-06-29";"2023-06-30";"VINMONOPOLET K., KRISTIANSAND., NOR";"-762,80"
"2023-06-20";"2023-06-20";"Ryde Technology AS, Oslo, NOR";"-25,90"
"2023-06-19";"2023-06-19";"Vipps*Skyss Mobillett, Oslo, NOR";"-24,00"
"2023-06-14";"2023-06-15";"Vipps*Hakon Mydland, Oslo, NOR";"-407,00"
"2023-06-14";"2023-06-15";"Vipps*Hakon Mydland, Oslo, NOR";"-370,00"
"2023-06-14";"2023-06-16";"Wideroe 7012131670779, Bodo, NOR";"-598,00"
"2023-06-12";"2023-06-12";"Innbetaling";"9280,76"
"2023-06-11";"2023-06-12";"Vipps*Skyss Mobillett, Oslo, NOR";"-24,00"
"2023-06-11";"2023-06-12";"Vipps*Skyss Mobillett, Oslo, NOR";"-24,00"
"2023-06-09";"2023-06-12";"SIBKAFE HIBKRON, BERGEN, NOR";"-69,00"
"2023-06-04";"2023-06-05";"IBSEN RESTAURANT & BAR, BERGEN, NOR";"-249,00"
"2023-06-01";"2023-06-01";"Omkostninger Penger tilbake";"-10,00"
"2023-05-24";"2023-05-24";"Ryde Technology AS, Oslo, NOR";"-20,90"
"2023-05-19";"2023-05-19";"SEB Kort";"-7346,00"
"2023-05-19";"2023-05-19";"Omkostninger regningsbetaling";"-98,46"
"2023-05-17";"2023-05-19";"BURGER KIN 5003, BERGEN, NOR";"-193,00"
"2023-05-16";"2023-05-19";"KIWI 803 KRONST, Bergen, NOR";"-1560,82"
"2023-05-12";"2023-05-15";"Innbetaling";"6939,68"
"2023-05-02";"2023-05-02";"Omkostninger Penger tilbake";"-10,00"
"2023-05-01";"2023-05-03";"JOKER M?LLENDAL, Bergen, NOR";"-51,58"
"2023-04-30";"2023-05-02";"1454 EXTRA DANMARKSPLA, BERGEN, NOR";"-63,40"
"2023-04-27";"2023-05-02";"1454 EXTRA DANMARKSPLA, BERGEN, NOR";"-49,90"
"2023-04-27";"2023-05-02";"KIWI 803 KRONST, Bergen, NOR";"-110,00"
"2023-04-27";"2023-04-28";"STUDENTSAMSKIPNADEN PA, BERGEN, NOR";"-112,50"
"2023-04-26";"2023-04-28";"BILJARDEN, Bergen, NOR";"-316,00"
"2023-04-26";"2023-04-28";"BILJARDEN, Bergen, NOR";"-238,00"
"2023-04-25";"2023-04-26";"SIBKAFE HIBKRON, BERGEN, NOR";"-60,05"
"2023-04-24";"2023-04-26";"BILJARDEN, Bergen, NOR";"-140,00"
"2023-04-24";"2023-04-26";"BILJARDEN, Bergen, NOR";"-194,00"
"2023-04-24";"2023-04-26";"BILJARDEN, Bergen, NOR";"-175,00"
"2023-04-24";"2023-04-25";"Vipps*Hakon Mydland, Oslo, NOR";"-3500,00"
"2023-04-22";"2023-04-24";"APPLE.COM/BILL, ITUNES.COM, IRL";"-199,00"
"2023-04-24";"2023-04-24";"Rabatt strømmetjenester";"39,80"
"2023-04-21";"2023-04-24";"KIWI 803 KRONST, Bergen, NOR";"-210,42"
"2023-04-21";"2023-04-24";"REMA GYLDENPRIS, Bergen, NOR";"-97,60"
"2023-04-20";"2023-04-21";"SIBKAFE HIBKRON, BERGEN, NOR";"-68,85"
"2023-04-19";"2023-04-20";"FAMILY NET, OSLO, NOR";"-329,00"
"2023-04-18";"2023-04-19";"1454 EXTRA DANMARKSPLA, BERGEN, NOR";"-207,45"
"2023-04-18";"2023-04-19";"1454 EXTRA DANMARKSPLA, BERGEN, NOR";"-44,31"
"2023-04-16";"2023-04-17";"EGON RESTAURANTER, TRONDHEIM, NOR";"-97,00"
"2023-04-15";"2023-04-17";"Vipps*Daniel Michael O, Oslo, NOR";"-100,00"
"2023-04-14";"2023-04-14";"Vipps*Hakon Mydland, Oslo, NOR";"-585,00"
"2023-04-13";"2023-04-14";"Vipps*Asmund Fagervoll, Oslo, NOR";"-72,00"
"2023-04-13";"2023-04-14";"Innbetaling";"6912,13"
"2023-04-03";"2023-04-03";"Omkostninger Penger tilbake";"-10,00"
"2023-03-20";"2023-03-21";"Vipps*Anders Holberg H, Oslo, NOR";"-215,00"
"2023-03-20";"2023-03-20";"Vipps*Henrik Pettersen, Oslo, NOR";"-521,00"
"2023-03-20";"2023-03-21";"FAMILY NET, OSLO, NOR";"-329,00"
"2023-03-19";"2023-03-21";"DUTY FREE AVGAN, Gardermoen, NOR";"-419,00"
"2023-03-19";"2023-03-20";"Lagardere Duty Free G, Gdansk, POL";"-526,92"
"2023-03-19";"2023-03-20";"Klub Parlament Bar I, Gdansk, POL";"-37,54"
"2023-03-19";"2023-03-20";"Klub Parlament VII, Gdansk, POL";"-10,01"
"2023-03-19";"2023-03-20";"IMPREZA, STEGNA, POL";"-82,60"
"2023-03-19";"2023-03-20";"IMPREZA COOLTURA, STEGNA, POL";"-137,68"
"2023-03-19";"2023-03-20";"IMPREZA COOLTURA, STEGNA, POL";"-325,42"
"2023-03-19";"2023-03-20";"COOLTURA 1, GDANSK, POL";"-12,52"
"2023-03-18";"2023-03-20";"COOLTURA 2, GDANSK, POL";"-25,03"
"2023-03-18";"2023-03-20";"SCANDIC GDANSK - REST, Gdansk, POL";"-55,07"
"2023-03-18";"2023-03-20";"Gdansk 2 - Forum, Gdansk, POL";"-121,15"
"2023-03-16";"2023-03-16";"Vipps*Skyss Mobillett, Oslo, NOR";"-24,00"
"2023-03-09";"2023-03-09";"Innbetaling";"1785,00"
"2023-03-08";"2023-03-09";"1454 EXTRA DANMARKSPLA, BERGEN, NOR";"-173,74"
"2023-03-07";"2023-03-08";"SIBKAFE HIBKRON, BERGEN, NOR";"-58,50"
"2023-03-06";"2023-03-08";"KIWI 803 KRONST, Bergen, NOR";"-38,50"
"2023-03-06";"2023-03-07";"MAX MILAN AS, Bergen, NOR";"-730,00"
"2023-03-06";"2023-03-06";"Vipps*Skyss Mobillett, Oslo, NOR";"-24,00"
"2023-03-06";"2023-03-07";"NYX*BaneNorSFdivisjonE, Bergen, NOR";"-10,00"
"2023-03-05";"2023-03-06";"Vipps*Hakon Mydland, Oslo, NOR";"-53,25"
"2023-03-05";"2023-03-06";"BURGER KIN 5003, BERGEN, NOR";"-189,00"
"2023-03-05";"2023-03-06";"GOR AS, Bergen, NOR";"-158,00"
"2023-03-05";"2023-03-06";"GOR AS, Bergen, NOR";"-150,00"
"2023-03-05";"2023-03-06";"JADA ROOFGARDEN, Bergen, NOR";"-145,00"
"2023-03-04";"2023-03-06";"JADA ROOFGARDEN, Bergen, NOR";"-145,00"
"2023-03-04";"2023-03-06";"JADA ROOFGARDEN, Bergen, NOR";"-89,00"
"2023-03-04";"2023-03-06";"KIWI 803 KRONST, Bergen, NOR";"-438,60"
"2023-03-03";"2023-03-06";"GOR AS, Bergen, NOR";"-99,00"
"2023-03-03";"2023-03-06";"GOR AS, Bergen, NOR";"-100,00"
"2023-03-03";"2023-03-06";"VINMONOPOLET BE, BERGEN, NOR";"-852,60"
"2023-03-03";"2023-03-06";"BILJARDEN, Bergen, NOR";"-268,00"
"2023-03-03";"2023-03-06";"BILJARDEN, Bergen, NOR";"-99,00"
"2023-03-03";"2023-03-06";"BILJARDEN, Bergen, NOR";"-198,00"
"2023-03-03";"2023-03-06";"7ELEVEN 7134 TORGET, B, BERGEN, NOR";"-41,00"
"2023-03-01";"2023-03-01";"Klarna, Stockholm, SWE";"-615,00"
"2023-03-01";"2023-03-01";"Omkostninger Penger tilbake";"-10,00"
"2023-02-24";"2023-02-27";"1454 EXTRA DANMARKSPLA, BERGEN, NOR";"-59,70"
"2023-02-21";"2023-02-22";"SIBKAFE HIBKRON, BERGEN, NOR";"-58,50"
"2023-02-20";"2023-02-20";"Vipps*Skyss Mobillett, Oslo, NOR";"-24,00"
"2023-02-20";"2023-02-21";"VAERNESEKSPRESS, Oslo, NOR";"-189,00"
"2023-02-19";"2023-02-20";"Vipps*Lasse Myklebust, Oslo, NOR";"-140,00"
"2023-02-19";"2023-02-20";"Vipps*Lasse Myklebust, Oslo, NOR";"-200,00"
"2023-02-19";"2023-02-20";"Vipps*Lasse Myklebust, Oslo, NOR";"-200,00"
"2023-02-17";"2023-02-20";"FAMILY NET, OSLO, NOR";"-329,00"
"2023-02-14";"2023-02-15";"Innbetaling";"7000,42"
"2023-02-08";"2023-02-09";"Vipps*Georg Kvalsund T, Oslo, NOR";"-40,00"
"2023-02-01";"2023-02-02";"SAMMEN K2, BERGEN, NOR";"-23,80"
"2023-02-01";"2023-02-01";"Omkostninger Penger tilbake";"-10,00"
"2023-01-31";"2023-02-01";"SIBKAFE HIBKRON, BERGEN, NOR";"-68,85"
"2023-01-30";"2023-02-01";"KIWI 803 KRONST, Bergen, NOR";"-219,15"
"2023-01-30";"2023-01-31";"SIBKAFE HIBKRON, BERGEN, NOR";"-68,85"
"2023-01-29";"2023-01-30";"MCD 057 BRYGGES, BERGEN, NOR";"-263,00"
"2023-01-28";"2023-01-30";"GOR AS, Bergen, NOR";"-319,00"
"2023-01-22";"2023-01-23";"TORGET 7 SERVER, Bergen, NOR";"-300,00"
"2023-01-20";"2023-01-23";"FAMILY NET, OSLO, NOR";"-329,00"
"2023-01-15";"2023-01-16";"MCD 018, BERGEN, NOR";"-125,00"
"2023-01-15";"2023-01-16";"LILLE, BERGEN, NOR";"-220,00"
"2023-01-15";"2023-01-16";"LILLE, BERGEN, NOR";"-214,00"
"2023-01-14";"2023-01-16";"REBEL, Bergen, NOR";"-170,00"
"2023-01-14";"2023-01-16";"BUNNPRIS, Bergen, NOR";"-35,50"
"2023-01-14";"2023-01-16";"VINMONOPOLET BE, BERGEN, NOR";"-144,90"
"2023-01-13";"2023-01-13";"Innbetaling";"5345,16"
"2023-01-11";"2023-01-12";"Vipps*Hakon Mydland, Oslo, NOR";"-87,00"
"2023-01-11";"2023-01-12";"NORMAL R?DAL, Raadal, NOR";"-90,00"
"2023-01-11";"2023-01-12";"XXL NOR 310 LAG, RAADAL, NOR";"-693,00"
"2023-01-11";"2023-01-12";"Vipps*Skyss Mobillett, Oslo, NOR";"-40,00"
"2023-01-11";"2023-01-12";"SIBKAFE HIBKRON, BERGEN, NOR";"-49,30"
"2023-01-11";"2023-01-12";"1454 EXTRA DANMARKSPLA, BERGEN, NOR";"-18,00"
"2023-01-10";"2023-01-11";"Vipps*Hakon Mydland, Oslo, NOR";"-685,00"
"2023-01-09";"2023-01-10";"Klarna, Stockholm, SWE";"-799,20"
"2023-01-09";"2023-01-10";"1454 EXTRA DANMARKSPLA, BERGEN, NOR";"-42,97"
"2023-01-06";"2023-01-09";"REMA LEKNES_NY, Leknes, NOR";"-30,90"
"2023-01-03";"2023-01-04";"Vipps*Anders Torbjoern, Oslo, NOR";"-1800,00"
"2023-01-02";"2023-01-03";"BUNNPRIS, Ramberg, NOR";"-73,80"
"2023-01-02";"2023-01-02";"Omkostninger Penger tilbake";"-10,00"
"2022-12-30";"2023-01-02";"LOFOTEN MAT OG VIN, STAMSUND, NOR";"-130,00"
"2022-12-29";"2023-01-02";"LOFOTEN MAT OG VIN, STAMSUND, NOR";"-250,00"
"2022-12-29";"2022-12-30";"Vipps*Rudi Fossen Hold, Oslo, NOR";"-120,00"
"2022-12-28";"2022-12-29";"Vipps*Johan Torbjoerns, Oslo, NOR";"-100,00"
"2022-12-28";"2022-12-30";"REMA LEKNES_NY, Leknes, NOR";"-128,64"
"2022-12-28";"2022-12-29";"INTERSPORT LEKN, LEKNES, NOR";"-78,00"
"2022-12-27";"2022-12-28";"Vipps*Hakon Mydland, Oslo, NOR";"-112,00"
"2022-12-27";"2022-12-28";"Vipps*Hakon Mydland, Oslo, NOR";"-400,00"
"2022-12-26";"2022-12-28";"REMA LEKNES_NY, Leknes, NOR";"-202,60"
"2022-12-22";"2022-12-23";"ESSO OSAN, SVOLVAER, NOR";"-756,19"
"2022-12-20";"2022-12-21";"BUNNPRIS, Ramberg, NOR";"-207,40"
"2022-12-20";"2022-12-21";"FAMILY NET, OSLO, NOR";"-329,00"
"2022-12-17";"2022-12-19";"HUNDHOLMEN BRYGGHUS, BODO, NOR";"-165,00"
"2022-12-17";"2022-12-19";"HUNDHOLMEN BRYGGHUS, BODO, NOR";"-114,00"
"2022-12-16";"2022-12-19";"SCANDIC FB 314, Bodoe, NOR";"-540,00"
"2022-12-16";"2022-12-19";"OHMA, BODO, NOR";"-790,00"
"2022-12-16";"2022-12-19";"NORDLAND TAXI, BODO, NOR";"-157,00"
"2022-12-15";"2022-12-15";"Innbetaling";"10000,48"
"2022-12-15";"2022-12-15";"Høgskulen På Vestlandet";"-790,00"
"2022-12-15";"2022-12-15";"Omkostninger regningsbetaling";"-32,90"
"2022-12-14";"2022-12-14";"Vipps*Stine Margrete J, Oslo, NOR";"-50,00"
"2022-12-10";"2022-12-12";"RICKS SILVER, Bergen, NOR";"-100,00"
"2022-12-10";"2022-12-12";"Forum Scene Sal, Bergen, NOR";"-185,00"
"2022-12-10";"2022-12-12";"KIWI 803 KRONST, Bergen, NOR";"-834,20"
"2022-12-09";"2022-12-12";"KIWI 803 KRONST, Bergen, NOR";"-119,60"
"2022-12-08";"2022-12-12";"KIWI 803 KRONST, Bergen, NOR";"-269,40"
"2022-12-08";"2022-12-09";"SIBKAFE HIBKRON, BERGEN, NOR";"-68,85"
"2022-12-06";"2022-12-08";"REMA GYLDENPRIS, Bergen, NOR";"-61,80"
"2022-12-05";"2022-12-07";"KIWI 803 KRONST, Bergen, NOR";"-285,40"
"2022-12-05";"2022-12-05";"Vipps*Troms Billett, Oslo, NOR";"-25,00"
"2022-12-04";"2022-12-05";"M12 TROMS? AS, Tromsoe, NOR";"-244,00"
"2022-12-04";"2022-12-05";"M12 TROMS? AS, Tromsoe, NOR";"-100,00"
"2022-12-03";"2022-12-05";"Vipps*THK Billett, Oslo, NOR";"-50,00"
"2022-12-02";"2022-12-05";"BK TROMSO 5009, TROMS?, NOR";"-276,00"
"2022-12-02";"2022-12-05";"VINMONOPOLET, TROMSO, NOR";"-223,90"
"2022-12-02";"2022-12-05";"MAT -668, TROMSO, NOR";"-53,38"
"2022-12-02";"2022-12-02";"Vipps*Troms Billett, Oslo, NOR";"-39,00"
"2022-12-01";"2022-12-02";"Vipps*Troms Billett, Oslo, NOR";"-25,00"
"2022-12-01";"2022-12-02";"B?LGEN & M 1913, BLOMSTERDALEN, NOR";"-301,00"
"2022-12-01";"2022-12-02";"ARK BERGEN LUFT, BLOMSTERDALE, NOR";"-199,00"
"2022-12-01";"2022-12-02";"SIBKAFE HIBKRON, BERGEN, NOR";"-22,00"
"2022-12-01";"2022-12-01";"Omkostninger Penger tilbake";"-10,00"
"2022-11-30";"2022-12-02";"KIWI 803 KRONST, Bergen, NOR";"-154,90"
"2022-11-30";"2022-12-01";"SIBKAFE HIBKRON, BERGEN, NOR";"-41,56"
"2022-11-29";"2022-11-30";"SIBKAFE HIBKRON, BERGEN, NOR";"-68,85"
"2022-11-28";"2022-11-30";"KIWI 803 KRONST, Bergen, NOR";"-124,40"
"2022-11-27";"2022-11-28";"LILLE, BERGEN, NOR";"-140,00"
"2022-11-27";"2022-11-28";"MM CAFE OG BAR BERGEN, BERGEN, NOR";"-102,00"
"2022-11-27";"2022-11-28";"MM CAFE OG BAR BERGEN, BERGEN, NOR";"-205,00"
"2022-11-26";"2022-11-28";"7ELEVEN 7119 OLAV KYRR, BERGEN, NOR";"-98,00"
"2022-11-24";"2022-11-28";"REMA DANMARKSPL, Bergen, NOR";"-85,56"
"2022-11-24";"2022-11-25";"SIBKAFE HIBKRON, BERGEN, NOR";"-77,01"
"2022-11-23";"2022-11-24";"SIBKAFE HIBKRON, BERGEN, NOR";"-96,21"
"2022-11-22";"2022-11-24";"POINT (5013010), Stjoerdal, NOR";"-140,00"
"2022-11-22";"2022-11-23";"MAT -668, TROMSO, NOR";"-81,00"
"2022-11-21";"2022-11-21";"Klarna, Stockholm, SWE";"-2020,00"
"2022-11-20";"2022-11-21";"Vipps*Georg Kvalsund T, Oslo, NOR";"-65,00"
"2022-11-19";"2022-11-21";"FAMILY NET, OSLO, NOR";"-179,00"
"2022-11-18";"2022-11-21";"REMA GYLDENPRIS, Bergen, NOR";"-60,80"
"2022-11-17";"2022-11-18";"1454 EXTRA DANMARKSPLA, BERGEN, NOR";"-51,64"
"2022-11-17";"2022-11-18";"SIBKAFE HIBKRON, BERGEN, NOR";"-68,85"
"2022-11-16";"2022-11-17";"DANMARKSPLASS, Bergen, NOR";"-68,72"
"2022-11-15";"2022-11-16";"Vipps*Hakon Mydland, Oslo, NOR";"-440,00"
"2022-11-15";"2022-11-16";"Vipps*Anders Torbjoern, Oslo, NOR";"-2000,00"
"2022-11-15";"2022-11-16";"SIBKAFE HIBKRON, BERGEN, NOR";"-41,65"
"2022-11-14";"2022-11-15";"Innbetaling";"7000,46"
"2022-11-09";"2022-11-10";"1454 EXTRA DANMARKSPLA, BERGEN, NOR";"-6,25"
"2022-11-04";"2022-11-07";"REMA GYLDENPRIS, Bergen, NOR";"-84,14"
"2022-11-03";"2022-11-07";"KIWI 803 KRONST, Bergen, NOR";"-224,10"
"2022-11-03";"2022-11-04";"SIBKAFE HIBKRON, BERGEN, NOR";"-68,85"
"2022-11-02";"2022-11-04";"KIWI 803 KRONST, Bergen, NOR";"-20,80"
"2022-11-02";"2022-11-04";"KIWI 803 KRONST, Bergen, NOR";"-110,40"
"2022-11-01";"2022-11-03";"KIWI 803 KRONST, Bergen, NOR";"-78,69"
"2022-11-01";"2022-11-01";"Omkostninger Penger tilbake";"-10,00"
"2022-10-31";"2022-11-01";"1454 EXTRA DANMARKSPLA, BERGEN, NOR";"-112,76"
"2022-10-29";"2022-10-31";"KIWI 803 KRONST, Bergen, NOR";"-240,90"
"2022-10-28";"2022-10-31";"KIWI 803 KRONST, Bergen, NOR";"-17,40"
"2022-10-28";"2022-10-31";"REMA GYLDENPRIS, Bergen, NOR";"-84,97"
"2022-10-26";"2022-10-27";"1454 EXTRA DANMARKSPLA, BERGEN, NOR";"-132,00"
"2022-10-23";"2022-10-24";"1454 EXTRA DANMARKSPLA, BERGEN, NOR";"-112,10"
"2022-10-23";"2022-10-24";"FR?KEN BRUN, BERGEN, NOR";"-155,00"
"2022-10-23";"2022-10-24";"FR?KEN BRUN, BERGEN, NOR";"-155,00"
"2022-10-23";"2022-10-24";"FR?KEN BRUN, BERGEN, NOR";"-155,00"
"2022-10-22";"2022-10-24";"785 HOTEL NORGE, Bergen, NOR";"-105,00"
"2022-10-22";"2022-10-24";"785 HOTEL NORGE, Bergen, NOR";"-105,00"
"2022-10-22";"2022-10-24";"Vipps*Hakon Mydland, Oslo, NOR";"-736,00"
"2022-10-22";"2022-10-24";"MCD 018, BERGEN, NOR";"-159,00"
"2022-10-22";"2022-10-24";"SNEDIG AS, BERGEN, NOR";"-312,00"
"2022-10-21";"2022-10-24";"BIBLIOTEKET BAR, Bergen, NOR";"-129,00"
"2022-10-21";"2022-10-24";"BIBLIOTEKET BAR, Bergen, NOR";"-145,00"
"2022-10-21";"2022-10-24";"BIBLIOTEKET BAR, Bergen, NOR";"-30,00"
"2022-10-21";"2022-10-24";"REMA GYLDENPRIS, Bergen, NOR";"-139,03"
"2022-10-20";"2022-10-21";"FAMILY NET, OSLO, NOR";"-379,00"
"2022-10-19";"2022-10-20";"1454 EXTRA DANMARKSPLA, BERGEN, NOR";"-87,42"
"2022-10-18";"2022-10-20";"KIWI 803 KRONST, Bergen, NOR";"-61,60"
"2022-10-17";"2022-10-18";"1454 EXTRA DANMARKSPLA, BERGEN, NOR";"-99,42"
"2022-10-16";"2022-10-17";"Vipps*Hakon Mydland, Oslo, NOR";"-200,00"
"2022-10-16";"2022-10-17";"KLUBB KOK, BERGEN, NOR";"-150,00"
"2022-10-15";"2022-10-17";"Innbetaling";"1393,99"
"2022-10-14";"2022-10-17";"1454 EXTRA DANMARKSPLA, BERGEN, NOR";"-220,31"
"2022-10-12";"2022-10-13";"Vipps*Hakon Mydland, Oslo, NOR";"-500,00"
"2022-10-09";"2022-10-10";"MCD 018, BERGEN, NOR";"-179,00"
"2022-10-08";"2022-10-10";"1454 EXTRA DANMARKSPLA, BERGEN, NOR";"-265,15"
"2022-10-07";"2022-10-10";"1454 EXTRA DANMARKSPLA, BERGEN, NOR";"-273,50"
"2022-10-06";"2022-10-07";"PLAYSTATIONNETWORK, LONDON, GBR";"-580,00"
"2022-10-06";"2022-10-12";"REBEL, Bergen, NOR";"-190,00"
"2022-10-05";"2022-10-06";"Vipps*Anna Romestrand, Oslo, NOR";"-94,00"
"2022-10-05";"2022-10-07";"REMA DANMARKSPL, Bergen, NOR";"-72,90"
"2022-10-03";"2022-10-03";"Omkostninger Penger tilbake";"-10,00"
"2022-10-02";"2022-10-03";"BURGER KIN 5003, BERGEN, NOR";"-187,00"
"2022-10-02";"2022-10-03";"LILLE, BERGEN, NOR";"-500,00"
"2022-10-01";"2022-10-03";"KIWI 803 KRONST, Bergen, NOR";"-286,80"
"2022-09-30";"2022-10-03";"KIWI 803 KRONST, Bergen, NOR";"-428,00"
"2022-09-29";"2022-09-30";"SIBKAFE HIBKRON, BERGEN, NOR";"-61,10"
"2022-09-28";"2022-09-30";"MCD 018, BERGEN, NOR";"-102,00"
"2022-09-26";"2022-09-27";"SIBKAFE HIBKRON, BERGEN, NOR";"-94,99"
"2022-09-25";"2022-09-26";"Vipps*Hakon Mydland, Oslo, NOR";"-50,00"
"2022-09-25";"2022-09-26";"MCD 018, BERGEN, NOR";"-597,00"
"2022-09-25";"2022-09-26";"RICKS SILVER, Bergen, NOR";"-195,00"
"2022-09-25";"2022-09-26";"RICKS SILVER, Bergen, NOR";"-100,00"
"2022-09-25";"2022-09-26";"JADA ROOFGARDEN, Bergen, NOR";"-303,00"
"2022-09-24";"2022-09-26";"JADA ROOFGARDEN, Bergen, NOR";"-481,00"
"2022-09-22";"2022-09-23";"SIBKAFE HIBKRON, BERGEN, NOR";"-61,10"
"2022-09-22";"2022-09-23";"SIBKAFE HIBKRON, BERGEN, NOR";"-39,10"
"2022-09-21";"2022-09-22";"1454 EXTRA DANMARKSPLA, BERGEN, NOR";"-49,92"
"2022-09-21";"2022-09-22";"SIBKAFE HIBKRON, BERGEN, NOR";"-61,10"
"2022-09-19";"2022-09-20";"STAMINA TRENING, OSLO, NOR";"-379,00"
"2022-09-19";"2022-09-19";"Innbetaling";"2260,97"
"2022-09-15";"2022-09-16";"SIBKAFE HIBKRON, BERGEN, NOR";"-68,85"
"2022-09-15";"2022-09-15";"Vipps*Hakon Mydland, Oslo, NOR";"-393,00"
"2022-09-14";"2022-09-15";"Innbetaling";"7500,68"
"2022-09-13";"2022-09-14";"1454 EXTRA DANMARKSPLA, BERGEN, NOR";"-52,80"
"2022-09-12";"2022-09-13";"1454 EXTRA DANMARKSPLA, BERGEN, NOR";"-115,20"
"2022-09-11";"2022-09-12";"BURGER KIN 5003, BERGEN, NOR";"-36,00"
"2022-09-09";"2022-09-12";"1454 EXTRA DANMARKSPLA, BERGEN, NOR";"-103,48"
"2022-09-08";"2022-09-09";"SIBKAFE HIBKRON, BERGEN, NOR";"-68,85"
"2022-09-01";"2022-09-02";"TRADINGVIEW1PRODUCT, 6142853455, USA";"-3786,78"
"2022-09-01";"2022-09-02";"SIBKAFE HIBKRON, BERGEN, NOR";"-42,50"
"2022-09-01";"2022-09-01";"Omkostninger Penger tilbake";"-10,00"
"2022-08-31";"2022-09-01";"1454 EXTRA DANMARKSPLA, BERGEN, NOR";"-87,60"
"2022-08-31";"2022-09-02";"KIWI 803 KRONST, Bergen, NOR";"-241,10"
"2022-08-31";"2022-09-01";"Vipps*Joergen Lagerqvi, Oslo, NOR";"-150,00"
"2022-08-30";"2022-09-01";"KIWI 803 KRONST, Bergen, NOR";"-125,70"
"2022-08-30";"2022-08-31";"1454 EXTRA DANMARKSPLA, BERGEN, NOR";"-43,67"
"2022-08-30";"2022-08-31";"Innbetaling";"1500,10"
"2022-08-26";"2022-08-29";"BK BYSTASJ 5022, BERGEN, NOR";"-153,00"
"2022-08-26";"2022-08-29";"1454 EXTRA DANMARKSPLA, BERGEN, NOR";"-160,30"
"2022-08-25";"2022-08-26";"SIBKAFE HIBKRON, BERGEN, NOR";"-68,85"
"2022-08-24";"2022-08-25";"1454 EXTRA DANMARKSPLA, BERGEN, NOR";"-465,90"
"2022-08-23";"2022-08-25";"KIWI 803 KRONST, Bergen, NOR";"-84,04"
"2022-08-23";"2022-08-24";"WEBHUSET AS, Bergen, NOR";"-1061,25"
"2022-08-21";"2022-08-22";"1454 EXTRA DANMARKSPLA, BERGEN, NOR";"-101,30"
"2022-08-20";"2022-08-22";"KIWI 803 KRONST, Bergen, NOR";"-315,60"
"2022-08-20";"2022-08-22";"AS WALKENDORFF, BERGEN, NOR";"-198,00"
"2022-08-20";"2022-08-22";"KAOS, Bergen, NOR";"-88,00"
"2022-08-20";"2022-08-22";"HEIDIS BIER BAR, Bergen, NOR";"-105,00"
"2022-08-20";"2022-08-22";"HEIDIS BIER BAR, Bergen, NOR";"-90,00"
"2022-08-20";"2022-08-22";"HEIDIS BIER BAR, Bergen, NOR";"-430,00"
"2022-08-20";"2022-08-22";"LILLE, BERGEN, NOR";"-150,00"
"2022-08-20";"2022-08-22";"Teknikmagasinet, Bergen, NOR";"-301,00"
"2022-08-20";"2022-08-22";"Ryde Technology AS, Oslo, NOR";"-40,00"
"2022-08-20";"2022-08-22";"STAMINA TRENING, OSLO, NOR";"-379,00"
"2022-08-19";"2022-08-22";"Jysk BTK 576, Bergen, NOR";"-2921,00"
"2022-08-19";"2022-08-19";"Innbetaling";"6817,82"
"2022-08-18";"2022-08-19";"Innbetaling";"3768,14"
"2022-08-17";"2022-08-18";"AS WALKENDORFF, BERGEN, NOR";"-99,00"
"2022-08-16";"2022-08-18";"KIWI 803 KRONST, Bergen, NOR";"-303,20"
"2022-08-16";"2022-08-16";"TicketCo AS, Bergen, NOR";"-2000,00"
"2022-08-16";"2022-08-16";"TicketCo AS, Bergen, NOR";"-1600,00"
"2022-08-15";"2022-08-17";"KIWI 803 KRONST, Bergen, NOR";"-386,00"
"2022-08-15";"2022-08-16";"154 KID INTERI?, Bergen, NOR";"-399,90"
"2022-08-14";"2022-08-15";"BURGER KIN 5003, BERGEN, NOR";"-163,00"
"2022-08-14";"2022-08-15";"KLUBB KOK, BERGEN, NOR";"-69,00"
"2022-08-14";"2022-08-15";"KLUBB KOK, BERGEN, NOR";"-69,00"
"2022-08-14";"2022-08-15";"KLUBB KOK, BERGEN, NOR";"-227,00"
"2022-08-13";"2022-08-15";"KLUBB KOK, BERGEN, NOR";"-326,00"
"2022-08-13";"2022-08-15";"KLUBB KOK, BERGEN, NOR";"-296,00"
"2022-08-13";"2022-08-15";"KIWI 803 KRONST, Bergen, NOR";"-181,50"
"2022-08-13";"2022-08-15";"KIWI 803 KRONST, Bergen, NOR";"-522,80"
"2022-08-13";"2022-08-15";"KLUBB KOK, BERGEN, NOR";"-40,00"
"2022-08-12";"2022-08-15";"REMA GYLDENPRIS, Bergen, NOR";"-67,50"
"2022-08-10";"2022-08-11";"HYRE AS* BID:538721, OSLO, NOR";"-226,80"
"2022-08-10";"2022-08-12";"KIWI 803 KRONST, Bergen, NOR";"-185,80"
"2022-08-07";"2022-08-08";"HYRE AS* BID:538721, OSLO, NOR";"-100,00"
"2022-08-05";"2022-08-08";"KIWI 803 KRONST, Bergen, NOR";"-184,94"
"2022-08-05";"2022-08-08";"REMA GYLDENPRIS, Bergen, NOR";"-127,58"
"2022-08-04";"2022-08-08";"KIWI 803 KRONST, Bergen, NOR";"-120,80"
"2022-08-04";"2022-08-05";"Innbetaling";"6000,37"
"2022-08-03";"2022-08-04";"1454 EXTRA DANMARKSPLA, BERGEN, NOR";"-198,60"
"2022-08-02";"2022-08-03";"Vipps*Sara Gjerde Lars, Oslo, NOR";"-600,00"
"2022-08-02";"2022-08-04";"KIWI 803 KRONST, Bergen, NOR";"-307,40"
"2022-08-01";"2022-08-03";"JOKER, Bergen, NOR";"-175,50"
"2022-08-01";"2022-08-03";"REMA GYLDENPRIS, Bergen, NOR";"-15,30"
"2022-08-01";"2022-08-03";"REMA GYLDENPRIS, Bergen, NOR";"-57,43"
"2022-08-01";"2022-08-01";"Omkostninger Penger tilbake";"-10,00"
"2022-07-30";"2022-08-01";"1454 EXTRA DANMARKSPLA, BERGEN, NOR";"-260,94"
"2022-07-29";"2022-08-01";"BUNNPRIS, Bergen, NOR";"-53,40"
"2022-07-29";"2022-08-01";"JOKER, Bergen, NOR";"-175,30"
"2022-07-28";"2022-08-01";"JOKER, Bergen, NOR";"-222,50"
"2022-07-29";"2022-07-29";"Innbetaling";"3500,55"
"2022-07-27";"2022-07-28";"MATKROKEN BLEKENBERG 8, BERGEN, NOR";"-244,50"
"2022-07-27";"2022-07-28";"SOLHEIMSVIKEN, Bergen, NOR";"-25,00"
"2022-07-27";"2022-07-27";"Vipps*Hakon Mydland, Oslo, NOR";"-500,00"
"2022-07-26";"2022-07-27";"MATKROKEN BLEKENBERG 8, BERGEN, NOR";"-236,50"
"2022-07-25";"2022-07-27";"JOKER, Bergen, NOR";"-103,60"
"2022-07-23";"2022-07-25";"MATKROKEN BLEKENBERG 8, BERGEN, NOR";"-359,20"
"2022-07-22";"2022-07-25";"EXTRA HAKONSGATEN, BERGEN, NOR";"-53,16"
"2022-07-21";"2022-07-21";"Ryde Technology AS, Oslo, NOR";"-20,00"
"2022-07-21";"2022-07-21";"Ryde Technology AS, Oslo, NOR";"-22,50"
"2022-07-21";"2022-07-21";"FAMILY SPORTS CLUB AS";"-299,00"
"2022-07-21";"2022-07-21";"Omkostninger regningsbetaling";"-27,99"
"2022-07-20";"2022-07-21";"MATKROKEN BLEKENBERG 8, BERGEN, NOR";"-331,20"
"2022-07-20";"2022-07-21";"STAMINA TRENING, OSLO, NOR";"-349,00"
"2022-07-19";"2022-07-20";"MATKROKEN BLEKENBERG 8, BERGEN, NOR";"-357,00"
"2022-07-19";"2022-07-20";"4219 EXTRA BERGEN STOR, BERGEN, NOR";"-40,80"
"2022-07-16";"2022-07-18";"JOKER, Bergen, NOR";"-241,60"
"2022-07-16";"2022-07-18";"Ryde Technology AS, Oslo, NOR";"-27,50"
"2022-07-15";"2022-07-18";"MCD 018, BERGEN, NOR";"-82,00"
"2022-07-14";"2022-07-15";"Innbetaling";"3500,17"
"2022-07-10";"2022-07-11";"BERGEN TAXI AS, KOKSTAD, NOR";"-256,00"
"2022-07-09";"2022-07-11";"JOKER, Bergen, NOR";"-652,50"
"2022-07-09";"2022-07-11";"Ryde Technology AS, Oslo, NOR";"-15,00"
"2022-07-05";"2022-07-06";"Ryde Technology AS, Oslo, NOR";"-17,50"
"2022-07-05";"2022-07-06";"Ryde Technology AS, Oslo, NOR";"-20,00"
"2022-07-05";"2022-07-06";"1454 EXTRA DANMARKSPLA, BERGEN, NOR";"-100,00"
"2022-07-05";"2022-07-06";"1454 EXTRA DANMARKSPLA, BERGEN, NOR";"-93,10"
"2022-07-04";"2022-07-05";"BUNNPRIS, Bergen, NOR";"-245,07"
"2022-07-04";"2022-07-04";"Vipps*Skyss Mobillett, Oslo, NOR";"-2265,00"
"2022-07-04";"2022-07-04";"Vipps*Hakon Mydland, Oslo, NOR";"-1000,00"
"2022-07-04";"2022-07-04";"Vipps*Daniel Orlando A, Oslo, NOR";"-300,00"
"2022-07-03";"2022-07-04";"PALMESUS, KRISTIANSAND, NOR";"-144,00"
"2022-07-02";"2022-07-04";"PALMESUS, KRISTIANSAND, NOR";"-20,00"
"2022-07-02";"2022-07-04";"PALMESUS, KRISTIANSAND, NOR";"-148,00"
"2022-07-02";"2022-07-04";"PALMESUS, KRISTIANSAND, NOR";"-197,00"
"2022-07-02";"2022-07-04";"PALMESUS, KRISTIANSAND, NOR";"-245,00"
"2022-07-02";"2022-07-04";"PALMESUS, KRISTIANSAND, NOR";"-144,00"
"2022-07-01";"2022-07-04";"PALMESUS, KRISTIANSAND, NOR";"-148,00"
"2022-07-01";"2022-07-04";"PALMESUS, KRISTIANSAND, NOR";"-340,00"
"2022-07-01";"2022-07-04";"PALMESUS, KRISTIANSAND, NOR";"-386,00"
"2022-07-01";"2022-07-01";"Innbetaling";"7000,84"
"2022-07-01";"2022-07-01";"Omkostninger Penger tilbake";"-10,00"
"2022-06-27";"2022-06-28";"Ryde Technology AS, Oslo, NOR";"-17,50"
"2022-06-19";"2022-06-20";"STAMINA TRENING, OSLO, NOR";"-349,00"
"2022-06-18";"2022-06-20";"Ryde Technology AS, Oslo, NOR";"-42,50"
"2022-06-17";"2022-06-20";"Vipps*Hakon Mydland, Oslo, NOR";"-740,00"
"2022-06-17";"2022-06-20";"REMA WERGELAND, Bergen, NOR";"-559,49"
"2022-06-16";"2022-06-20";"REMA WERGELAND, Bergen, NOR";"-160,60"
"2022-06-15";"2022-06-16";"BUNNPRIS, Bergen, NOR";"-8,52"
"2022-06-15";"2022-06-16";"SKORINGEN GALLE, Bergen, NOR";"-299,00"
"2022-06-15";"2022-06-16";"4219 EXTRA BERGEN STOR, BERGEN, NOR";"-68,30"
"2022-06-15";"2022-06-16";"NO1023, Bergen, NOR";"-268,00"
"2022-06-15";"2022-06-15";"Vipps*Skyss Mobillett, Oslo, NOR";"-140,00"
"2022-06-13";"2022-06-14";"1454 EXTRA DANMARKSPLA, BERGEN, NOR";"-203,05"
"2022-06-13";"2022-06-14";"CLAS OHL 2825, BERGEN, NOR";"-179,90"
"2022-06-11";"2022-06-13";"1454 EXTRA DANMARKSPLA, BERGEN, NOR";"-232,30"
"2022-06-11";"2022-06-13";"MENY SLETTEN, Bergen, NOR";"-268,80"
"2022-06-10";"2022-06-13";"REMA WERGELAND, Bergen, NOR";"-264,17"
"2022-06-10";"2022-06-13";"ZTL*Gymspot X AS, BERGEN, NOR";"-943,20"
"2022-06-10";"2022-06-13";"618 EUROPRIS XH, BERGEN, NOR";"-149,40"
"2022-06-09";"2022-06-13";"SUBWAY, BERGEN, NOR";"-162,99"
"2022-06-08";"2022-06-09";"SPORT 1 XHIBITI, Bergen, NOR";"-468,00"
"2022-06-07";"2022-06-08";"1454 EXTRA DANMARKSPLA, BERGEN, NOR";"-363,10"
"2022-06-07";"2022-06-07";"Vipps*Skyss Mobillett, Oslo, NOR";"-140,00"
"2022-06-04";"2022-06-07";"Vipps*Skyss Mobillett, Oslo, NOR";"-40,00"
"2022-06-04";"2022-06-07";"REMA WERGELAND, Bergen, NOR";"-532,38"
"2022-06-04";"2022-06-07";"Vipps*Skyss Mobillett, Oslo, NOR";"-40,00"
"2022-06-03";"2022-06-03";"Ryde Technology AS, Oslo, NOR";"-15,00"
"2022-06-03";"2022-06-03";"Ryde Technology AS, Oslo, NOR";"-15,00"
"2022-06-03";"2022-06-07";"1454 EXTRA DANMARKSPLA, BERGEN, NOR";"-171,64"
"2022-06-02";"2022-06-03";"Wider?e 7012130313685, Bodo, NOR";"-2797,00"
"2022-06-01";"2022-06-01";"Omkostninger Penger tilbake";"-10,00"
"2022-06-01";"2022-06-01";"Omkostninger overtrekk";"-70,00"
"2022-06-01";"2022-06-02";"Innbetaling";"10000,17"
"2022-05-27";"2022-05-30";"1454 EXTRA DANMARKSPLA, BERGEN, NOR";"-177,60"
"2022-05-27";"2022-05-30";"SIBKAFE HIBKRON, BERGEN, NOR";"-92,24"
"2022-05-26";"2022-05-27";"COCA-COLA ENTERPRISES, LORENSKOG, NOR";"-32,00"
"2022-05-22";"2022-05-24";"REMA WERGELAND, Bergen, NOR";"-119,16"
"2022-05-21";"2022-05-23";"COCA-COLA ENTERPRISES, LORENSKOG, NOR";"-25,00"
"2022-05-21";"2022-05-23";"LOULOU BERGEN, Bergen, NOR";"-300,00"
"2022-05-21";"2022-05-23";"LOULOU BERGEN, Bergen, NOR";"-350,00"
"2022-05-21";"2022-05-23";"LOULOU BERGEN, Bergen, NOR";"-150,00"
"2022-05-21";"2022-05-23";"Vipps*Rich Alexander M, Oslo, NOR";"-100,00"
"2022-05-20";"2022-05-23";"REMA WERGELAND, Bergen, NOR";"-22,40"
"2022-05-20";"2022-05-23";"STAMINA TRENING, OSLO, NOR";"-349,00"
"2022-05-19";"2022-05-30";"SvE*IPHONEHUSET.NO, KALMAR, NOR";"-458,00"
"2022-05-19";"2022-05-23";"REMA WERGELAND, Bergen, NOR";"-124,60"
"2022-05-19";"2022-05-20";"Vipps*Hakon Mydland, Oslo, NOR";"-600,00"
"2022-05-19";"2022-05-20";"SIBKAFE HIBKRON, BERGEN, NOR";"-87,60"
"2022-05-18";"2022-05-20";"REMA WERGELAND, Bergen, NOR";"-159,38"
"2022-05-18";"2022-05-19";"SIBKAFE HIBKRON, BERGEN, NOR";"-64,60"
"2022-05-17";"2022-05-18";"PIZZABAKEREN MI, BERGEN, NOR";"-234,00"
"2022-05-16";"2022-05-18";"REMA WERGELAND, Bergen, NOR";"-745,61"
"2022-05-16";"2022-05-18";"BK BYSTASJ 5022, BERGEN, NOR";"-127,00"
"2022-05-16";"2022-05-18";"DRESSMANN 199, Bergen, NOR";"-839,30"
"2022-05-15";"2022-05-16";"1454 EXTRA DANMARKSPLA, BERGEN, NOR";"-54,20"
"2022-05-14";"2022-05-16";"1454 EXTRA DANMARKSPLA, BERGEN, NOR";"-684,52"
"2022-05-13";"2022-05-16";"SIBKAFE HIBKRON, BERGEN, NOR";"-64,60"
"2022-05-12";"2022-05-13";"HOPE MATSENTER, Bergen, NOR";"-21,50"
"2022-05-12";"2022-05-13";"1454 EXTRA DANMARKSPLA, BERGEN, NOR";"-396,90"
"2022-05-12";"2022-05-13";"SIBKAFE HIBKRON, BERGEN, NOR";"-91,80"
"2022-05-11";"2022-05-12";"NITO, Oslo, NOR";"-350,00"
"2022-05-11";"2022-05-12";"HOPE MATSENTER, Bergen, NOR";"-35,24"
"2022-05-10";"2022-05-11";"1454 EXTRA DANMARKSPLA, BERGEN, NOR";"-316,91"
"2022-05-06";"2022-05-09";"Innbetaling";"15432,70"
"2022-05-05";"2022-05-06";"1454 EXTRA DANMARKSPLA, BERGEN, NOR";"-310,32"
"2022-05-05";"2022-05-06";"1454 EXTRA DANMARKSPLA, BERGEN, NOR";"-52,90"
"2022-05-04";"2022-05-05";"1454 EXTRA DANMARKSPLA, BERGEN, NOR";"-101,90"
"2022-05-04";"2022-05-05";"SIBKAFE HIBKRON, BERGEN, NOR";"-54,10"
"2022-05-02";"2022-05-03";"1454 EXTRA DANMARKSPLA, BERGEN, NOR";"-139,56"
"2022-05-02";"2022-05-03";"SIBKAFE HIBKRON, BERGEN, NOR";"-54,10"
"2022-05-02";"2022-05-02";"Omkostninger Penger tilbake";"-10,00"
"2022-04-30";"2022-05-02";"HOPE MATSENTER, Bergen, NOR";"-365,80"
"2022-04-29";"2022-05-02";"SIBKAFE HIBKRON, BERGEN, NOR";"-41,75"
"2022-04-29";"2022-05-02";"SIBKAFE HIBKRON, BERGEN, NOR";"-54,10"
"2022-04-22";"2022-05-06";"HOPE MATSENTER, Bergen, NOR";"-620,20"
"2022-04-28";"2022-04-29";"INFLIGHT SERVICES WIDE, KISTA, SWE";"-60,00"
"2022-04-28";"2022-04-29";"SIBKAFE HIBKRON, BERGEN, NOR";"-54,10"
"2022-04-27";"2022-04-28";"1454 EXTRA DANMARKSPLA, BERGEN, NOR";"-75,28"
"2022-04-27";"2022-04-28";"SIBKAFE HIBKRON, BERGEN, NOR";"-54,10"
"2022-04-26";"2022-04-27";"HOPE MATSENTER, Bergen, NOR";"-85,52"
"2022-04-25";"2022-04-27";"REMA WERGELAND, Bergen, NOR";"-113,60"
"2022-04-25";"2022-04-26";"Vipps*Skyss Mobillett, Oslo, NOR";"-455,00"
"2022-04-25";"2022-04-26";"SIBKAFE HIBKRON, BERGEN, NOR";"-54,10"
"2022-04-24";"2022-04-25";"PIZZABAKEREN MI, BERGEN, NOR";"-234,00"
"2022-04-24";"2022-04-25";"Vipps*Hakon Mydland, Oslo, NOR";"-50,00"
"2022-04-23";"2022-04-25";"REMA WERGELAND, Bergen, NOR";"-181,50"
"2022-04-23";"2022-04-25";"MENY SLETTEN, Bergen, NOR";"-30,10"
"2022-04-23";"2022-04-25";"VINMONOPOLET BERGEN SL, BERGEN, NOR";"-1230,40"
"2022-04-22";"2022-04-25";"1454 EXTRA DANMARKSPLA, BERGEN, NOR";"-174,40"
"2022-04-22";"2022-04-22";"Vipps*Sara Gjerde Lars, Oslo, NOR";"-250,00"
"2022-04-21";"2022-04-22";"SIB KAFFEBAR BI, BERGEN, NOR";"-52,15"
"2022-04-21";"2022-04-21";"Vipps*Hakon Mydland, Oslo, NOR";"-2400,00"
"2022-04-20";"2022-04-22";"REMA LEKNES_NY, Leknes, NOR";"-26,49"
"2022-04-20";"2022-04-21";"STAMINA TRENING, OSLO, NOR";"-349,00"
"2022-04-19";"2022-04-19";"Vipps*Hakon Mydland, Oslo, NOR";"-880,00"
"2022-04-15";"2022-04-19";"Innbetaling";"8000,35"
"2022-04-14";"2022-04-19";"AKSJEREISEN, LEVANGER, NOR";"-2790,00"
"2022-04-13";"2022-04-19";"kryptosekken.no, SVARTSKOG, NOR";"-500,00"
"2022-04-12";"2022-04-13";"BUNNPRIS, Ramberg, NOR";"-188,33"
"2022-04-11";"2022-04-12";"BUNNPRIS, Ramberg, NOR";"-17,71"
"2022-04-07";"2022-04-08";"SAN MARINO PIZZ, Bergen, NOR";"-353,00"
"2022-04-07";"2022-04-08";"SIB KAFFEBAR BI, BERGEN, NOR";"-49,60"
"2022-04-06";"2022-04-07";"SIBKAFE HIBKRON, BERGEN, NOR";"-96,35"
"2022-04-05";"2022-04-06";"1454 EXTRA DANMARKSPLA, BERGEN, NOR";"-149,10"
"2022-04-05";"2022-04-06";"SIBKAFE HIBKRON, BERGEN, NOR";"-64,60"
"2022-04-04";"2022-04-05";"Billettservice AS, Oslo, NOR";"-1679,00"
"2022-04-04";"2022-04-05";"SIBKAFE HIBKRON, BERGEN, NOR";"-64,60"
"2022-04-04";"2022-04-05";"1454 EXTRA DANMARKSPLA, BERGEN, NOR";"-188,60"
"2022-04-01";"2022-04-04";"Vipps*Hakon Mydland, Oslo, NOR";"-1000,00"
"2022-04-01";"2022-04-04";"SIBKAFE HIBKRON, BERGEN, NOR";"-96,35"
"2022-04-01";"2022-04-01";"Omkostninger Penger tilbake";"-10,00"
"2022-03-30";"2022-04-01";"REMA WERGELAND, Bergen, NOR";"-106,90"
"2022-03-30";"2022-03-31";"SIBKAFE HIBKRON, BERGEN, NOR";"-64,60"
"2022-03-29";"2022-03-31";"KIWI 818 B?HMER, Bergen, NOR";"-43,80"
"2022-03-28";"2022-03-29";"1454 EXTRA DANMARKSPLA, BERGEN, NOR";"-252,27"
"2022-03-28";"2022-03-29";"SIBKAFE HIBKRON, BERGEN, NOR";"-96,60"
"2022-03-27";"2022-03-28";"Vipps*Viktor Munch San, Oslo, NOR";"-150,00"
"2022-03-27";"2022-03-28";"BURGER KIN 5003, BERGEN, NOR";"-235,00"
"2022-03-26";"2022-03-28";"EXTRA HAKONSGATEN, BERGEN, NOR";"-62,80"
"2022-03-25";"2022-03-28";"Vipps*Stian Skaar, Oslo, NOR";"-92,00"
"2022-03-25";"2022-03-28";"HOPE MATSENTER, Bergen, NOR";"-440,10"
"2022-03-25";"2022-03-28";"SIBKAFE HIBKRON, BERGEN, NOR";"-64,60"
"2022-03-24";"2022-03-25";"SIBKAFE HIBKRON, BERGEN, NOR";"-39,10"
"2022-03-24";"2022-03-25";"SIB KAFFEBAR BI, BERGEN, NOR";"-49,60"
"2022-03-24";"2022-03-25";"Ryde Technology AS, Oslo, NOR";"-25,00"
"2022-03-23";"2022-03-24";"1454 EXTRA DANMARKSPLA, BERGEN, NOR";"-411,54"
"2022-03-23";"2022-03-24";"SIBKAFE HIBKRON, BERGEN, NOR";"-64,60"
"2022-03-20";"2022-03-21";"STAMINA TRENING, OSLO, NOR";"-349,00"
"2022-03-19";"2022-03-21";"REMA WERGELAND, Bergen, NOR";"-288,60"
"2022-03-18";"2022-03-21";"1454 EXTRA DANMARKSPLA, BERGEN, NOR";"-83,95"
"2022-03-18";"2022-03-21";"SIB KAFFEBAR BI, BERGEN, NOR";"-76,20"
"2022-03-17";"2022-03-18";"SIB KAFFEBAR BI, BERGEN, NOR";"-40,80"
"2022-03-16";"2022-03-17";"SIBKAFE HIBKRON, BERGEN, NOR";"-64,60"
"2022-03-15";"2022-03-16";"1454 EXTRA DANMARKSPLA, BERGEN, NOR";"-64,00"
"2022-03-15";"2022-03-16";"SIBKAFE HIBKRON, BERGEN, NOR";"-64,60"
"2022-03-15";"2022-03-15";"Innbetaling";"8528,30"
"2022-03-13";"2022-03-15";"REMA WERGELAND, Bergen, NOR";"-77,10"
"2022-03-12";"2022-03-14";"REMA WERGELAND, Bergen, NOR";"-232,22"
"2022-03-12";"2022-03-14";"BK BYSTASJ 5022, BERGEN, NOR";"-100,00"
"2022-03-11";"2022-03-14";"SIBKAFE HIBKRON, BERGEN, NOR";"-88,70"
"2022-03-10";"2022-03-11";"1454 EXTRA DANMARKSPLA, BERGEN, NOR";"-163,90"
"2022-03-10";"2022-03-11";"SIB KAFFEBAR BI, BERGEN, NOR";"-49,30"
"2022-03-09";"2022-03-10";"SIBKAFE HIBKRON, BERGEN, NOR";"-64,60"
"2022-03-08";"2022-03-09";"SIBKAFE HIBKRON, BERGEN, NOR";"-64,60"
"2022-03-07";"2022-03-08";"HOPE MATSENTER, Bergen, NOR";"-183,50"
"2022-03-06";"2022-03-08";"REMA WERGELAND, Bergen, NOR";"-52,20"
"2022-03-05";"2022-03-07";"Vipps*Hakon Mydland, Oslo, NOR";"-135,00"
"2022-03-05";"2022-03-07";"HOPE MATSENTER, Bergen, NOR";"-655,47"
"2022-03-05";"2022-03-07";"VINMONOPOLET BERGEN SL, BERGEN, NOR";"-1383,70"
"2022-03-04";"2022-03-07";"Vipps*Lasse Myklebust, Oslo, NOR";"-1000,00"
"2022-03-02";"2022-03-04";"1454 EXTRA DANMARKSPLA, BERGEN, NOR";"-179,80"
"2022-03-01";"2022-03-01";"Omkostninger Penger tilbake";"-10,00"
"2022-02-24";"2022-02-25";"1454 EXTRA DANMARKSPLA, BERGEN, NOR";"-417,47"
"2022-02-24";"2022-02-25";"SIB KAFFEBAR BI, BERGEN, NOR";"-60,00"
"2022-02-22";"2022-02-23";"1454 EXTRA DANMARKSPLA, BERGEN, NOR";"-140,96"
"2022-02-21";"2022-02-22";"1454 EXTRA DANMARKSPLA, BERGEN, NOR";"-65,70"
"2022-02-21";"2022-02-23";"REMA DANMARKSPL, Bergen, NOR";"-22,90"
"2022-02-21";"2022-02-22";"Vipps*Hakon Mydland, Oslo, NOR";"-950,00"
"2022-02-21";"2022-02-22";"SIBKAFE HIBKRON, BERGEN, NOR";"-64,60"
"2022-02-21";"2022-02-22";"AKADEMIKA HVL, BERGEN, NOR";"-145,00"
"2022-02-21";"2022-02-22";"Wideroe 7012129909526, Bodo, NOR";"-1398,00"
"2022-02-20";"2022-02-21";"BURGER KIN 5003, BERGEN, NOR";"-325,00"
"2022-02-18";"2022-02-21";"MATKROKEN BLEKENBERG 8, BERGEN, NOR";"-179,20"
"2022-02-18";"2022-02-21";"BK BYSTASJ 5022, BERGEN, NOR";"-85,00"
"2022-02-18";"2022-02-21";"ADO ARENA., BERGEN, NOR";"-130,00"
"2022-02-17";"2022-02-18";"HOPE MATSENTER, Bergen, NOR";"-89,40"
"2022-02-17";"2022-02-18";"STAMINA TRENING, OSLO, NOR";"-349,00"
"2022-02-16";"2022-02-17";"1454 EXTRA DANMARKSPLA, BERGEN, NOR";"-143,80"
"2022-02-15";"2022-02-16";"1454 EXTRA DANMARKSPLA, BERGEN, NOR";"-286,50"
"2022-02-15";"2022-02-15";"Innbetaling";"7128,35"
"2022-02-14";"2022-02-15";"HOPE MATSENTER, Bergen, NOR";"-50,00"
"2022-02-14";"2022-02-15";"VINMONOPOLET BERGEN SL, BERGEN, NOR";"-341,80"
"2022-02-12";"2022-02-14";"Ryde Technology AS, Oslo, NOR";"-12,50"
"2022-02-12";"2022-02-14";"REMA WERGELAND, Bergen, NOR";"-308,50"
"2022-02-11";"2022-02-14";"SIBKAFE HIBKRON, BERGEN, NOR";"-64,05"
"2022-02-10";"2022-02-11";"1454 EXTRA DANMARKSPLA, BERGEN, NOR";"-101,43"
"2022-02-09";"2022-02-10";"SIBKAFE HIBKRON, BERGEN, NOR";"-64,60"
"2022-02-08";"2022-02-09";"1454 EXTRA DANMARKSPLA, BERGEN, NOR";"-599,50"
"2022-02-08";"2022-02-09";"SIBKAFE HIBKRON, BERGEN, NOR";"-64,60"
"2022-02-07";"2022-02-09";"REMA DANMARKSPL, Bergen, NOR";"-57,20"
"2022-02-07";"2022-02-08";"SIBKAFE HIBKRON, BERGEN, NOR";"-64,60"
"2022-02-05";"2022-02-07";"Vipps*Stian Skaar, Oslo, NOR";"-311,00"
"2022-02-04";"2022-02-07";"HOPE MATSENTER, Bergen, NOR";"-493,39"
"2022-02-04";"2022-02-07";"SIBKAFE HIBKRON, BERGEN, NOR";"-92,65"
"2022-02-03";"2022-02-04";"SIBKAFE HIBKRON, BERGEN, NOR";"-27,20"
"2022-02-02";"2022-02-03";"1454 EXTRA DANMARKSPLA, BERGEN, NOR";"-423,80"
"2022-02-02";"2022-02-03";"SIBKAFE HIBKRON, BERGEN, NOR";"-64,05"
"2022-02-02";"2022-02-03";"SIBKAFE HIBKRON, BERGEN, NOR";"-61,20"
"2022-02-01";"2022-02-02";"SIBKAFE HIBKRON, BERGEN, NOR";"-91,80"
"2022-02-01";"2022-02-01";"Omkostninger Penger tilbake";"-10,00"
"2022-01-31";"2022-02-02";"REMA WERGELAND, Bergen, NOR";"-371,90"
"2022-01-31";"2022-02-01";"SIBKAFE HIBKRON, BERGEN, NOR";"-64,60"
"2022-01-30";"2022-01-31";"Vipps*Sara Gjerde Lars, Oslo, NOR";"-320,00"
"2022-01-28";"2022-01-31";"1454 EXTRA DANMARKSPLA, BERGEN, NOR";"-249,31"
"2022-01-27";"2022-01-28";"HOPE MATSENTER, Bergen, NOR";"-88,58"
"2022-01-26";"2022-01-27";"1454 EXTRA DANMARKSPLA, BERGEN, NOR";"-604,10"
"2022-01-20";"2022-01-24";"REMA WERGELAND, Bergen, NOR";"-488,07"
"2022-01-20";"2022-01-21";"STAMINA TRENING, OSLO, NOR";"-349,00"
"2022-01-19";"2022-01-20";"1454 EXTRA DANMARKSPLA, BERGEN, NOR";"-46,19"
"2022-01-19";"2022-01-20";"HOPE MATSENTER, Bergen, NOR";"-142,80"
"2022-01-18";"2022-01-19";"EXTRA MINDE, BERGEN, NOR";"-73,20"
"2022-01-18";"2022-01-19";"SIBKAFE HIBKRON, BERGEN, NOR";"-54,10"
"2022-01-17";"2022-01-18";"1454 EXTRA DANMARKSPLA, BERGEN, NOR";"-31,00"
"2022-01-16";"2022-01-17";"1454 EXTRA DANMARKSPLA, BERGEN, NOR";"-158,10"
"2022-01-15";"2022-01-17";"1454 EXTRA DANMARKSPLA, BERGEN, NOR";"-146,45"
"2022-01-14";"2022-01-17";"Vipps*Hakon Mydland, Oslo, NOR";"-800,00"
"2022-01-14";"2022-01-17";"Vipps*Hakon Mydland, Oslo, NOR";"-370,00"
"2022-01-14";"2022-01-17";"1454 EXTRA DANMARKSPLA, BERGEN, NOR";"-526,70"
"2022-01-13";"2022-01-14";"SIBKAFE HIBKRON, BERGEN, NOR";"-74,80"
"2022-01-13";"2022-01-14";"COCA-COLA ENTERPRISES, LORENSKOG, NOR";"-25,00"
"2022-01-12";"2022-01-13";"1454 EXTRA DANMARKSPLA, BERGEN, NOR";"-180,60"
"2022-01-12";"2022-01-13";"AKADEMIKA HVL, BERGEN, NOR";"-686,50"
"2022-01-11";"2022-01-12";"1454 EXTRA DANMARKSPLA, BERGEN, NOR";"-101,90"
"2022-01-10";"2022-01-11";"WIDEROE HANDLIN, LEKNES, NOR";"-300,00"
"2022-01-07";"2022-01-10";"Vipps*Spillfabrikken.n, Oslo, NOR";"-279,00"
"2022-01-07";"2022-01-10";"BUNNPRIS, Ramberg, NOR";"-89,40"
"2022-01-06";"2022-01-07";"Innbetaling";"11878,51"
"2022-01-04";"2022-01-05";"SvE*TEKNIKMAGASIN, OSLO, NOR";"-228,00"
"2022-01-04";"2022-01-05";"VIRTUEMAP, VILNIUS, LTU";"-361,95"
"2022-01-04";"2022-01-05";"SJEKKREGNSKAPET.NO, KRISTIANSAND, NOR";"-279,00"
"2022-01-03";"2022-01-03";"Omkostninger Penger tilbake";"-10,00"
"2021-12-28";"2021-12-28";"Vipps*Erlend Berg Fars, Oslo, NOR";"-63,00"
"2021-12-27";"2021-12-28";"Vipps*Benjamin Mathise, Oslo, NOR";"-200,00"
"2021-12-26";"2021-12-28";"REMA LEKNES_NY, Leknes, NOR";"-230,06"
"2021-12-22";"2021-12-23";"BUNNPRIS & GOUR, Leknes, NOR";"-69,40"
"2021-12-22";"2021-12-23";"VINMONOPOLET LEKNES, LEKNES, NOR";"-709,80"
"2021-12-22";"2021-12-23";"2473 EXTRA LEKNES, LEKNES, NOR";"-180,20"
"2021-12-21";"2021-12-22";"BUNNPRIS, Ramberg, NOR";"-186,60"
"2021-12-20";"2021-12-21";"BUNNPRIS, Ramberg, NOR";"-176,79"
"2021-12-20";"2021-12-21";"STAMINA TRENING, OSLO, NOR";"-349,00"
"2021-12-19";"2021-12-20";"Vipps*Hakon Mydland, Oslo, NOR";"-1961,94"
"2021-12-18";"2021-12-20";"BUNNPRIS, Ramberg, NOR";"-159,10"
"2021-12-17";"2021-12-20";"BUNNPRIS, Ramberg, NOR";"-116,70"
"2021-12-16";"2021-12-20";"NEGRONI (501501, Bodoe, NOR";"-213,00"
"2021-12-16";"2021-12-17";"Wideroee Ground Handli, Bodoe, NOR";"-300,00"
"2021-12-15";"2021-12-16";"VINMONOPOLET BERGEN SL, BERGEN, NOR";"-17,80"
"2021-12-14";"2021-12-15";"Wideroe 7012129692661, Bodo, NOR";"-661,00"
"2021-12-14";"2021-12-15";"Overføring fra kredittkort til konto 4580.13.49386";"-5000,00"
"2021-12-15";"2021-12-15";"Omkostninger kontantoverføring";"-75,00"
"2021-12-13";"2021-12-14";"1454 EXTRA DANMARKSPLA, BERGEN, NOR";"-187,40"
"2021-12-11";"2021-12-13";"1454 EXTRA DANMARKSPLA, BERGEN, NOR";"-268,80"
"2021-12-10";"2021-12-13";"1454 EXTRA DANMARKSPLA, BERGEN, NOR";"-109,40"
"2021-12-10";"2021-12-13";"SIBKAFE HIBKRON, BERGEN, NOR";"-45,05"
"2021-12-10";"2021-12-13";"SIBKAFE HIBKRON, BERGEN, NOR";"-78,16"
"2021-12-10";"2021-12-13";"SIBKAFE HIBKRON, BERGEN, NOR";"-46,20"
"2021-12-09";"2021-12-10";"1454 EXTRA DANMARKSPLA, BERGEN, NOR";"-64,81"
"2021-12-08";"2021-12-09";"REMA WERGELAND, Bergen, NOR";"-272,40"
"2021-12-07";"2021-12-09";"REMA WERGELAND, Bergen, NOR";"-126,90"
"2021-12-06";"2021-12-06";"Innbetaling";"12997,81"
"2021-12-01";"2021-12-01";"Omkostninger Penger tilbake";"-10,00"
"2021-11-30";"2021-12-01";"SIBKAFE HIBKRON, BERGEN, NOR";"-80,86"
"2021-11-29";"2021-12-01";"SIBKAFE HIBKRON, BERGEN, NOR";"-64,60"
"2021-11-29";"2021-12-01";"SIBKAFE HIBKRON, BERGEN, NOR";"-138,00"
"2021-11-29";"2021-11-30";"1454 EXTRA DANMARKSPLA, BERGEN, NOR";"-125,90"
"2021-11-27";"2021-11-29";"1454 EXTRA DANMARKSPLA, BERGEN, NOR";"-47,90"
"2021-11-26";"2021-11-29";"1454 EXTRA DANMARKSPLA, BERGEN, NOR";"-82,64"
"2021-11-25";"2021-11-29";"MENY SLETTEN, Bergen, NOR";"-179,20"
"2021-11-24";"2021-11-25";"1454 EXTRA DANMARKSPLA, BERGEN, NOR";"-173,20"
"2021-11-23";"2021-11-24";"Vipps*Hakon Mydland, Oslo, NOR";"-10,00"
"2021-11-23";"2021-11-24";"Vipps*Stian Skaar, Oslo, NOR";"-70,00"
"2021-11-23";"2021-11-24";"SIBKAFE HIBKRON, BERGEN, NOR";"-67,45"
"2021-11-22";"2021-11-23";"1454 EXTRA DANMARKSPLA, BERGEN, NOR";"-266,30"
"2021-11-21";"2021-11-22";"1454 EXTRA DANMARKSPLA, BERGEN, NOR";"-164,80"
"2021-11-20";"2021-11-22";"AKADEM.KVARTER, BERGEN, NOR";"-100,00"
"2021-11-19";"2021-11-22";"BOCCA GRILL AS, Bergen, NOR";"-109,00"
"2021-11-19";"2021-11-22";"OLE B SCENE 1, Bergen, NOR";"-250,00"
"2021-11-19";"2021-11-25";"BILJARDEN, Bergen, NOR";"-120,00"
"2021-11-19";"2021-11-22";"1454 EXTRA DANMARKSPLA, BERGEN, NOR";"-149,30"
"2021-11-19";"2021-11-22";"Vipps*Skyss Mobillett, Oslo, NOR";"-440,00"
"2021-11-19";"2021-11-22";"SIBKAFE HIBKRON, BERGEN, NOR";"-54,10"
"2021-11-19";"2021-11-22";"STAMINA TRENING, OSLO, NOR";"-349,00"
"2021-11-18";"2021-11-19";"1454 EXTRA DANMARKSPLA, BERGEN, NOR";"-112,50"
"2021-11-18";"2021-11-19";"APPLE.COM/BILL, ITUNES.COM, IRL";"169,00"
"2021-11-19";"2021-11-19";"Rabatt strømmetjenester";"-33,80"
"2021-11-17";"2021-11-18";"1454 EXTRA DANMARKSPLA, BERGEN, NOR";"-109,60"
"2021-11-17";"2021-11-19";"REMA DANMARKSPL, Bergen, NOR";"-34,53"
"2021-11-17";"2021-11-18";"SIBKAFE HIBKRON, BERGEN, NOR";"-71,70"
"2021-11-16";"2021-11-17";"1454 EXTRA DANMARKSPLA, BERGEN, NOR";"-131,40"
"2021-11-15";"2021-11-16";"1454 EXTRA DANMARKSPLA, BERGEN, NOR";"-392,30"
"2021-11-15";"2021-11-15";"Innbetaling";"1904,92"
"2021-11-15";"2021-11-15";"APPLE.COM/BILL, ITUNES.COM, IRL";"-169,00"
"2021-11-15";"2021-11-15";"Rabatt strømmetjenester";"33,80"
"2021-11-14";"2021-11-15";"JADA ROOFGARDEN, Bergen, NOR";"-160,00"
"2021-11-14";"2021-11-15";"JADA ROOFGARDEN, Bergen, NOR";"-250,00"
"2021-11-14";"2021-11-15";"Vipps*Magnus Andre Har, Oslo, NOR";"-500,00"
"2021-11-14";"2021-11-15";"JADA ROOFGARDEN, Bergen, NOR";"-250,00"
"2021-11-14";"2021-11-15";"JADA ROOFGARDEN, Bergen, NOR";"-80,00"
"2021-11-14";"2021-11-15";"JADA ROOFGARDEN, Bergen, NOR";"-800,00"
"2021-11-13";"2021-11-15";"JADA ROOFGARDEN, Bergen, NOR";"-90,00"
"2021-11-13";"2021-11-15";"JADA ROOFGARDEN, Bergen, NOR";"-900,00"
"2021-11-13";"2021-11-15";"REMA WERGELAND, Bergen, NOR";"-636,10"
"2021-11-13";"2021-11-15";"HEIDIS BIER BAR, Bergen, NOR";"-180,00"
"2021-11-13";"2021-11-15";"HEIDIS BIER BAR, Bergen, NOR";"-218,00"
"2021-11-13";"2021-11-15";"HEIDIS BIER BAR, Bergen, NOR";"-450,00"
"2021-11-13";"2021-11-15";"JADA ROOFGARDEN, Bergen, NOR";"-250,00"
"2021-11-12";"2021-11-15";"JADA ROOFGARDEN, Bergen, NOR";"-220,00"
"2021-11-11";"2021-11-12";"1454 EXTRA DANMARKSPLA, BERGEN, NOR";"-75,05"
"2021-11-11";"2021-11-15";"REMA DANMARKSPL, Bergen, NOR";"-15,38"
"2021-11-11";"2021-11-12";"DRESSMANN 162, Raadal, NOR";"-848,00"
"2021-11-11";"2021-11-12";"VINMONOPOLET BERGEN LA, RADAL, NOR";"-986,80"
"2021-11-10";"2021-11-11";"1454 EXTRA DANMARKSPLA, BERGEN, NOR";"-239,50"
"2021-11-09";"2021-11-11";"MENY SLETTEN, Bergen, NOR";"-212,20"
"2021-11-08";"2021-11-09";"1454 EXTRA DANMARKSPLA, BERGEN, NOR";"-152,40"
"2021-11-08";"2021-11-08";"Vipps*Tights.no, Oslo, NOR";"-417,70"
"2021-11-05";"2021-11-08";"EXTRA SKULESTADMO 8376, SKULESTADMO, NOR";"-296,90"
"2021-11-04";"2021-11-05";"1454 EXTRA DANMARKSPLA, BERGEN, NOR";"-185,90"
"2021-11-04";"2021-11-05";"SIBKAFE HIBKRON, BERGEN, NOR";"-64,60"
"2021-11-04";"2021-11-04";"Ryde Technology AS, Oslo, NOR";"-25,00"
"2021-11-04";"2021-11-08";"ESPRESSO HOUSE, Bergen, NOR";"-130,00"
"2021-11-03";"2021-11-05";"MENY SLETTEN, Bergen, NOR";"-84,10"
"2021-11-03";"2021-11-04";"SIBKAFE HIBKRON, BERGEN, NOR";"-56,10"
"2021-11-02";"2021-11-03";"SIBKAFE HIBKRON, BERGEN, NOR";"-71,70"
"2021-11-01";"2021-11-02";"1454 EXTRA DANMARKSPLA, BERGEN, NOR";"-248,10"
"2021-11-01";"2021-11-01";"Omkostninger Penger tilbake";"-10,00"
"2021-10-30";"2021-11-01";"HOPE MATSENTER, Bergen, NOR";"-206,87"
"2021-10-30";"2021-11-01";"MENY SLETTEN, Bergen, NOR";"-268,20"
"2021-10-30";"2021-11-01";"VINMONOPOLET BERGEN SL, BERGEN, NOR";"-659,80"
"2021-10-28";"2021-10-29";"1454 EXTRA DANMARKSPLA, BERGEN, NOR";"-157,80"
"2021-10-28";"2021-10-29";"SIBKAFE HIBKRON, BERGEN, NOR";"-64,60"
"2021-10-27";"2021-10-29";"REMA XHIBITION, Bergen, NOR";"-19,84"
"2021-10-27";"2021-10-28";"NO1020, Bergen, NOR";"-125,00"
"2021-10-27";"2021-10-28";"LINDEX BERGEN STORSENT, BERGEN, NOR";"-238,50"
"2021-10-27";"2021-10-28";"SIBKAFE HIBKRON, BERGEN, NOR";"-82,61"
"2021-10-26";"2021-10-27";"SIBKAFE HIBKRON, BERGEN, NOR";"-71,70"
"2021-10-26";"2021-10-26";"Innbetaling";"12776,96"
"2021-10-23";"2021-10-25";"MCDONALD'S 018 TORGALM, BERGEN, NOR";"-180,00"
"2021-10-23";"2021-10-25";"REBEL, Bergen, NOR";"-140,00"
"2021-10-23";"2021-10-25";"JADA ROOFGARDEN, Bergen, NOR";"-200,00"
"2021-10-22";"2021-10-25";"JADA ROOFGARDEN, Bergen, NOR";"-600,00"
"2021-10-22";"2021-10-25";"HOPE MATSENTER, Bergen, NOR";"-283,30"
"2021-10-21";"2021-10-25";"REMA DANMARKSPL, Bergen, NOR";"-83,87"
"2021-10-21";"2021-10-22";"SIBKAFE HIBKRON, BERGEN, NOR";"-91,80"
"2021-10-20";"2021-10-22";"REMA WERGELAND, Bergen, NOR";"-383,60"
"2021-10-20";"2021-10-21";"STAMINA TRENING, OSLO, NOR";"-349,00"
"2021-10-19";"2021-10-20";"1454 EXTRA DANMARKSPLA, BERGEN, NOR";"-315,07"
"2021-10-18";"2021-10-19";"SPISERIET CAFE, BERGEN, NOR";"-170,00"
"2021-10-18";"2021-10-20";"MENY SLETTEN, Bergen, NOR";"-48,50"
"2021-10-18";"2021-10-19";"VINMONOPOLET BERGEN SL, BERGEN, NOR";"-419,80"
"2021-10-16";"2021-10-18";"1454 EXTRA DANMARKSPLA, BERGEN, NOR";"-282,21"
"2021-10-16";"2021-10-18";"APPLE.COM/BILL, ITUNES.COM, IRL";"-149,00"
"2021-10-18";"2021-10-18";"Rabatt strømmetjenester";"29,80"
"2021-10-15";"2021-10-18";"1454 EXTRA DANMARKSPLA, BERGEN, NOR";"-102,60"
"2021-10-15";"2021-10-15";"Innbetaling";"3972,29"
"2021-10-14";"2021-10-15";"1454 EXTRA DANMARKSPLA, BERGEN, NOR";"-454,18"
"2021-10-14";"2021-10-15";"SIBKAFE HIBKRON, BERGEN, NOR";"-67,45"
"2021-10-13";"2021-10-14";"1454 EXTRA DANMARKSPLA, BERGEN, NOR";"-193,39"
"2021-10-13";"2021-10-14";"SIBKAFE HIBKRON, BERGEN, NOR";"-64,60"
"2021-10-12";"2021-10-13";"1454 EXTRA DANMARKSPLA, BERGEN, NOR";"-77,60"
"2021-10-11";"2021-10-12";"1454 EXTRA DANMARKSPLA, BERGEN, NOR";"-226,80"
"2021-10-09";"2021-10-11";"HOPE MATSENTER, Bergen, NOR";"-39,50"
"2021-10-09";"2021-10-11";"REMA WERGELAND, Bergen, NOR";"-73,40"
"2021-10-09";"2021-10-11";"COOP OBS LAGUNEN 83819, RADAL, NOR";"-505,20"
"2021-10-09";"2021-10-11";"LAGUNEN KINO, Raadal, NOR";"-115,00"
"2021-10-09";"2021-10-11";"HOPE MATSENTER, Bergen, NOR";"-242,40"
"2021-10-09";"2021-10-11";"JADA ROOFGARDEN, Bergen, NOR";"-290,00"
"2021-10-08";"2021-10-11";"JADA ROOFGARDEN, Bergen, NOR";"-139,00"
"2021-10-08";"2021-10-11";"JADA ROOFGARDEN, Bergen, NOR";"-145,00"
"2021-10-08";"2021-10-11";"JADA ROOFGARDEN, Bergen, NOR";"-145,00"
"2021-10-08";"2021-10-11";"EXTRA HAKONSGATEN, BERGEN, NOR";"-72,00"
"2021-10-08";"2021-10-11";"SPISERIET CAFE, BERGEN, NOR";"-170,00"
"2021-10-08";"2021-10-11";"VINMONOPOLET BERGEN SL, BERGEN, NOR";"-1264,70"
"2021-10-07";"2021-10-08";"1454 EXTRA DANMARKSPLA, BERGEN, NOR";"-188,20"
"2021-10-06";"2021-10-07";"PlaystationNetwork, London, GBR";"-580,00"
"2021-10-06";"2021-10-07";"SIBKAFE HIBKRON, BERGEN, NOR";"-51,00"
"2021-10-06";"2021-10-07";"D4F AG, www.d4f.ag, CHE";"-996,00"
"2021-10-05";"2021-10-06";"1454 EXTRA DANMARKSPLA, BERGEN, NOR";"-254,50"
"2021-10-04";"2021-10-05";"1454 EXTRA DANMARKSPLA, BERGEN, NOR";"-217,40"
"2021-10-04";"2021-10-05";"Billettservice AS, Oslo, NOR";"-2185,80"
"2021-10-02";"2021-10-04";"1454 EXTRA DANMARKSPLA, BERGEN, NOR";"-230,99"
"2021-10-01";"2021-10-01";"Omkostninger Penger tilbake";"-10,00"
"2021-09-30";"2021-10-01";"Vipps*Viking Bergen, Oslo, NOR";"-100,00"
"2021-09-30";"2021-10-04";"HOPE MATSENTER, Bergen, NOR";"-18,90"
"2021-09-30";"2021-10-01";"1454 EXTRA DANMARKSPLA, BERGEN, NOR";"-225,08"
"2021-09-29";"2021-10-01";"HOPE MATSENTER, Bergen, NOR";"-88,27"
"2021-09-30";"2021-09-30";"Vipps*Stian Skaar, Oslo, NOR";"-25,00"
"2021-09-29";"2021-09-30";"Vipps*Stian Skaar, Oslo, NOR";"-100,00"
"2021-09-27";"2021-09-28";"1454 EXTRA DANMARKSPLA, BERGEN, NOR";"-292,82"
"2021-09-24";"2021-09-27";"REMA WERGELAND, Bergen, NOR";"-284,18"
"2021-09-22";"2021-09-23";"SIBKAFE HIBKRON, BERGEN, NOR";"-64,60"
"2021-09-21";"2021-09-22";"1454 EXTRA DANMARKSPLA, BERGEN, NOR";"-284,17"
"2021-09-20";"2021-09-22";"NETS*pizzabakeren.no, FYLLINGSDALEN, NOR";"-333,00"
"2021-09-19";"2021-09-22";"STAMINA TRENING, OSLO, NOR";"-349,00"
"2021-09-18";"2021-09-20";"HOPE MATSENTER, Bergen, NOR";"-191,70"
"2021-09-16";"2021-09-20";"HOPE MATSENTER, Bergen, NOR";"-82,00"
"2021-09-15";"2021-09-17";"REMA WERGELAND, Bergen, NOR";"-376,33"
"2021-09-15";"2021-09-16";"SIBKAFE HIBKRON, BERGEN, NOR";"-105,40"
"2021-09-15";"2021-09-15";"Innbetaling";"5408,88"
"2021-09-14";"2021-09-16";"MCDONALD'S 018 TORGALM, BERGEN, NOR";"-161,00"
"2021-09-14";"2021-09-15";"Vipps*Skyss Mobillett, Oslo, NOR";"-39,00"
"2021-09-13";"2021-09-15";"HOPE MATSENTER, Bergen, NOR";"-54,53"
"2021-09-11";"2021-09-13";"HOPE MATSENTER, Bergen, NOR";"-353,20"
"2021-09-11";"2021-09-13";"OLIVIA ZACHARIASBRYGGE, BERGEN, NOR";"-600,00"
"2021-09-10";"2021-09-13";"H?RGALLERIET FR, RAADAL, NOR";"-320,00"
"2021-09-10";"2021-09-13";"SELECTED LAGUNEN, RADAL, NOR";"-1601,85"
"2021-09-10";"2021-09-13";"CARLINGS 542, Raadal, NOR";"-596,00"
"2021-09-10";"2021-09-13";"XXL NOR 310 LAG, RAADAL, NOR";"-1293,00"
"2021-09-10";"2021-09-13";"LEVIS STORE L20, Raadal, NOR";"-2148,00"
"2021-09-10";"2021-09-10";"Innbetaling";"13000,47"
"2021-09-09";"2021-09-10";"1454 EXTRA DANMARKSPLA, BERGEN, NOR";"-219,44"
"2021-09-09";"2021-09-10";"SIBKAFE HIBKRON, BERGEN, NOR";"-64,60"
"2021-09-06";"2021-09-07";"1454 EXTRA DANMARKSPLA, BERGEN, NOR";"-14,89"
"2021-09-06";"2021-09-07";"Wideroes 7012129345764, Bodo, NOR";"-2878,00"
"2021-09-06";"2021-09-07";"Wideroes 7014560427967, Bodo, NOR";"-149,00"
"2021-09-05";"2021-09-06";"D4F AG, www.d4f.ag, CHE";"-996,00"
"2021-09-05";"2021-09-06";"Just Eat.no, Oslo, NOR";"-509,00"
"2021-09-05";"2021-09-06";"Vipps*Pernille Kvilaas, Oslo, NOR";"-300,00"
"2021-09-04";"2021-09-06";"Vipps*HBB Bergen, Oslo, NOR";"-148,00"
"2021-09-04";"2021-09-06";"REMA WERGELAND, Bergen, NOR";"-145,30"
"2021-09-04";"2021-09-06";"MCDONALD'S 018 TORGALM, BERGEN, NOR";"-237,00"
"2021-09-04";"2021-09-06";"Vipps*Bar 3, Oslo, NOR";"-413,00"
"2021-09-04";"2021-09-06";"Vipps*Bar 3, Oslo, NOR";"-237,00"
"2021-09-02";"2021-09-03";"SIBKAFE HIBKRON, BERGEN, NOR";"-64,60"
"2021-09-02";"2021-09-03";"WEBHUSET AS, Bergen, NOR";"-375,00"
"2021-09-01";"2021-09-03";"REMA WERGELAND, Bergen, NOR";"-143,80"
"2021-09-01";"2021-09-01";"Omkostninger Penger tilbake";"-10,00"
"2021-08-31";"2021-09-01";"Vipps*Hakon Mydland, Oslo, NOR";"-150,00"
"2021-08-31";"2021-09-01";"1454 EXTRA DANMARKSPLA, BERGEN, NOR";"-152,20"
"2021-08-31";"2021-09-01";"1454 EXTRA DANMARKSPLA, BERGEN, NOR";"-101,17"
"2021-08-30";"2021-09-01";"REMA WERGELAND, Bergen, NOR";"-173,90"
"2021-08-30";"2021-08-31";"TRADINGVIEW, 6142853455, USA";"-5399,86"
"2021-08-30";"2021-08-31";"WEBHUSET AS, Bergen, NOR";"-8,75"
"2021-08-30";"2021-08-30";"Innbetaling";"7500,71"
"2021-08-29";"2021-08-30";"BURGER KIN 5003, BERGEN, NOR";"-117,00"
"2021-08-28";"2021-08-30";"REMA WERGELAND, Bergen, NOR";"-199,60"
"2021-08-28";"2021-08-30";"HOPE MATSENTER, Bergen, NOR";"-348,10"
"2021-08-28";"2021-08-30";"VINMONOPOLET BERGEN SL, BERGEN, NOR";"-1029,70"
"2021-08-27";"2021-08-30";"HOPE MATSENTER, Bergen, NOR";"-138,70"
"2021-08-27";"2021-08-30";"VINMONOPOLET BERGEN LA, RADAL, NOR";"-606,90"
"2021-08-27";"2021-08-30";"MCD 059 LAGUNEN, RADAL, NOR";"-82,00"
"2021-08-27";"2021-08-30";"BOYS LAGUNEN, RAADAL, NOR";"-419,40"
"2021-08-27";"2021-08-30";"VIC LAGUNEN, RAADAL, NOR";"-299,70"
"2021-08-27";"2021-08-30";"MATCH  LAGUNEN, RAADAL, NOR";"-241,70"
"2021-08-27";"2021-08-30";"JACK OG JONES LAGUNEN, RADAL, NOR";"-1601,87"
"2021-08-27";"2021-08-30";"Vipps*Bjoern Tore Warl, Oslo, NOR";"-600,00"
"2021-08-26";"2021-08-27";"Vipps*Skyss Mobillett, Oslo, NOR";"-39,00"
"2021-08-26";"2021-08-30";"REMA WERGELAND, Bergen, NOR";"-131,57"
"2021-08-25";"2021-08-26";"Vipps*Hakon Mydland, Oslo, NOR";"-280,00"
"2021-08-25";"2021-08-26";"1454 EXTRA DANMARKSPLA, BERGEN, NOR";"-822,80"
"2021-08-25";"2021-08-26";"SIBKAFE HIBKRON, BERGEN, NOR";"-64,60"
"2021-08-24";"2021-08-25";"1454 EXTRA DANMARKSPLA, BERGEN, NOR";"-156,00"
"2021-08-24";"2021-08-25";"AKADEMIKA HVL, BERGEN, NOR";"-58,00"
"2021-08-23";"2021-08-24";"Teknikmagasinet, Bergen, NOR";"-279,00"
"2021-08-23";"2021-08-24";"Innbetaling";"13000,14"
"2021-08-21";"2021-08-23";"HOPE MATSENTER, Bergen, NOR";"-739,50"
"2021-08-21";"2021-08-23";"JULA BERGEN LAG, RADAL, NOR";"-645,00"
"2021-08-21";"2021-08-23";"JULA BERGEN LAG, RADAL, NOR";"-119,80"
"2021-08-21";"2021-08-23";"262 JERNIA, RADAL, NOR";"-1202,00"
"2021-08-21";"2021-08-23";"COOP OBS LAGUNEN 83819, RADAL, NOR";"-359,90"
"2021-08-20";"2021-08-23";"REMA WERGELAND, Bergen, NOR";"-131,30"
"2021-08-20";"2021-08-23";"Vipps*Oeystein Skoge J, Oslo, NOR";"-1900,00"
"2021-08-20";"2021-08-23";"VINMONOPOLET BERGEN BE, BERGEN, NOR";"-632,90"
"2021-08-20";"2021-08-23";"CUBUS 875, Bergen, NOR";"-270,70"
"2021-08-20";"2021-08-23";"STAMINA TRENING, OSLO, NOR";"-347,00"
"2021-08-19";"2021-08-20";"Klarna *Gymgrossisten, Solna, SWE";"-718,00"
"2021-08-19";"2021-08-23";"MENY SLETTEN, Bergen, NOR";"-186,88"
"2021-08-19";"2021-08-20";"VINMONOPOLET BERGEN SL, BERGEN, NOR";"-941,80"
"2021-08-19";"2021-08-20";"SPORT 1 SLETTEN, BERGEN, NOR";"-499,00"
"2021-08-17";"2021-08-18";"Vipps*Doris Atuha, Oslo, NOR";"-350,00"
"2021-08-17";"2021-08-18";"BOHUS NORD?S AS, Os, NOR";"-799,00"
"2021-08-17";"2021-08-18";"MYE MORO AS, Raadal, NOR";"-269,20"
"2021-08-17";"2021-08-17";"Vipps*Said Ayyad, Oslo, NOR";"-1200,00"
"2021-08-17";"2021-08-17";"Vipps*Skyss Mobillett, Oslo, NOR";"-140,00"
"2021-08-17";"2021-08-18";"APPLE.COM/BILL, 80056952, IRL";"-169,00"
"2021-08-18";"2021-08-18";"Rabatt strømmetjenester";"33,80"
"2021-08-17";"2021-08-18";"APPLE.COM/BILL, ITUNES.COM, IRL";"-549,00"
"2021-08-18";"2021-08-18";"Rabatt strømmetjenester";"109,80"
"2021-08-16";"2021-08-18";"REMA WERGELAND, Bergen, NOR";"-380,20"
"2021-08-13";"2021-08-16";"SPAR STOR?YA, Svolvaer, NOR";"-135,60"
"2021-08-12";"2021-08-13";"CIRCLE K SVOLVER, SVOLVER, NOR";"-60,00"
"2021-08-12";"2021-08-13";"SNARKJOP DIGERMULEN, DIGERMULEN, NOR";"-58,70"
"2021-08-11";"2021-08-12";"LILLE MILANO LE, Leknes, NOR";"-299,00"
"2021-08-11";"2021-08-13";"BUNNPRIS GRAVDA, GRAVDAL, NOR";"-99,23"
"2021-08-10";"2021-08-12";"REMA SVOLV?R, Svolvaer, NOR";"-64,70"
"2021-08-09";"2021-08-11";"KIWI 155 OSAN S, Svolvaer, NOR";"-128,60"
"2021-08-08";"2021-08-10";"REMA LEKNES_NY, Leknes, NOR";"-49,10"
"2021-08-07";"2021-08-09";"REMA LEKNES_NY, Leknes, NOR";"-64,90"
"2021-08-07";"2021-08-09";"Innbetaling";"10000,88"
"2021-08-06";"2021-08-09";"REMA LEKNES_NY, Leknes, NOR";"-191,90"
"2021-08-06";"2021-08-09";"KIWI 155 OSAN S, Svolvaer, NOR";"-99,60"
"2021-08-05";"2021-08-09";"BUNNPRIS, Ramberg, NOR";"-71,30"
"2021-08-03";"2021-08-04";"1888 EXTRA KABELVAAG, KABELVAG, NOR";"-133,44"
"2021-08-02";"2021-08-04";"SPAR STOR?YA, Svolvaer, NOR";"-136,30"
"2021-08-02";"2021-08-02";"Omkostninger Penger tilbake";"-10,00"
"2021-07-30";"2021-08-02";"SPAR STOR?YA, Svolvaer, NOR";"-118,70"
"2021-07-29";"2021-07-30";"SPAR STOR?YA, Svolvaer, NOR";"-86,80"
"2021-07-28";"2021-07-29";"2571 COOP PRIX STAMSUN, STAMSUND, NOR";"-29,00"
"2021-07-28";"2021-07-30";"SPAR BORG, Boestad, NOR";"-83,70"
"2021-07-27";"2021-07-29";"BUNNPRIS & GOUR, Leknes, NOR";"-225,08"
"2021-07-26";"2021-07-28";"SPAR STOR?YA, Svolvaer, NOR";"-119,70"
"2021-07-25";"2021-07-27";"LEKNES STORKIOS, Leknes, NOR";"-192,00"
"2021-07-25";"2021-07-26";"LOFOTEN MAT OG VIN, STAMSUND, NOR";"-1000,00"
"2021-07-25";"2021-07-26";"Vipps*Jacob Faeste Jen, Oslo, NOR";"-2500,00"
"2021-07-24";"2021-07-26";"LOFOTEN MAT OG VIN, STAMSUND, NOR";"-1400,00"
"2021-07-24";"2021-07-26";"BUNNPRIS, Ramberg, NOR";"-116,70"
"2021-07-23";"2021-07-26";"BUNNPRIS, Ramberg, NOR";"-145,30"
"2021-07-22";"2021-07-23";"189100 PRIX REINE, REINE, NOR";"-47,20"
"2021-07-21";"2021-07-23";"BUNNPRIS & GOUR, Leknes, NOR";"-142,84"
"2021-07-21";"2021-07-22";"APOTEK 1, LEKNES, NOR";"-64,46"
"2021-07-19";"2021-07-21";"SPAR STOR?YA, Svolvaer, NOR";"-117,70"
"2021-07-19";"2021-07-19";"KLARNA AB";"-1111,00"
"2021-07-19";"2021-07-19";"Omkostninger regningsbetaling";"-36,11"
"2021-07-17";"2021-07-19";"APPLE.COM/BILL, 80056952, IRL";"-169,00"
"2021-07-19";"2021-07-19";"Rabatt strømmetjenester";"33,80"
"2021-07-16";"2021-07-19";"SPAR BORG, Boestad, NOR";"-97,60"
"2021-07-15";"2021-07-16";"GIMSOY LANDHANDEL LOFO, GIMSOYSAND, NOR";"-98,80"
"2021-07-14";"2021-07-16";"BUNNPRIS, Ramberg, NOR";"-91,70"
"2021-07-14";"2021-07-16";"SPAR STOR?YA, Svolvaer, NOR";"-200,40"
"2021-07-12";"2021-07-13";"VINMONOPOLET LEKNES, LEKNES, NOR";"-431,90"
"2021-07-12";"2021-07-12";"Innbetaling";"12000,88"
"2021-07-10";"2021-07-12";"JOKER BALLSTAD, Ballstad, NOR";"-172,60"
"2021-07-10";"2021-07-12";"BUNNPRIS GRAVDA, GRAVDAL, NOR";"-99,78"
"2021-07-09";"2021-07-12";"SPAR BORG, Boestad, NOR";"-90,70"
"2021-07-08";"2021-07-12";"BUNNPRIS, Ramberg, NOR";"-201,50"
"2021-07-08";"2021-07-12";"SPAR STOR?YA, Svolvaer, NOR";"-99,80"
"2021-07-07";"2021-07-09";"KIWI 155 OSAN S, Svolvaer, NOR";"-51,70"
"2021-07-06";"2021-07-08";"KIWI 155 OSAN S, Svolvaer, NOR";"-35,70"
"2021-07-06";"2021-07-07";"SNARKJOP DIGERMULEN, DIGERMULEN, NOR";"-72,80"
"2021-07-05";"2021-07-07";"BUNNPRIS, Ramberg, NOR";"-64,30"
"2021-07-05";"2021-07-05";"3411 41 73349";"-4900,00"
"2021-07-05";"2021-07-05";"Omkostninger regningsbetaling";"-74,00"
"2021-07-05";"2021-07-05";"Nordlandssykehuset HF";"-267,00"
"2021-07-05";"2021-07-05";"Omkostninger regningsbetaling";"-27,67"
"2021-07-05";"2021-07-05";"Nordlandssykehuset HF";"-375,00"
"2021-07-05";"2021-07-05";"Omkostninger regningsbetaling";"-28,75"
"2021-07-04";"2021-07-06";"BUNNPRIS, Ramberg, NOR";"-287,12"
"2021-07-02";"2021-07-05";"BUNNPRIS GRAVDA, GRAVDAL, NOR";"-112,13"
"2021-07-01";"2021-07-05";"INTERSPORT LEKN, LEKNES, NOR";"-493,00"
"2021-07-01";"2021-07-05";"SPAR BORG, Boestad, NOR";"-114,70"
"2021-07-01";"2021-07-01";"Omkostninger Penger tilbake";"-10,00"
"2021-06-30";"2021-07-01";"GIMSOY LANDHANDEL LOFO, GIMSOYSAND, NOR";"-94,80"
"2021-06-29";"2021-07-01";"SPAR BORG, Boestad, NOR";"-117,60"
"2021-06-28";"2021-06-30";"REMA LEKNES_NY, Leknes, NOR";"-66,60"
"2021-06-27";"2021-06-28";"LOFOTEN MAT OG VIN, STAMSUND, NOR";"-750,00"
"2021-06-27";"2021-06-28";"APPLE.COM/BILL, 80056952, IRL";"169,00"
"2021-06-28";"2021-06-28";"Rabatt strømmetjenester";"-33,80"
"2021-06-26";"2021-06-28";"LOFOTEN MAT OG VIN, STAMSUND, NOR";"-500,00"
"2021-06-26";"2021-06-28";"LOFOTEN MAT OG VIN, STAMSUND, NOR";"-1250,00"
"2021-06-26";"2021-06-28";"BUNNPRIS, Ramberg, NOR";"-402,38"
"2021-06-25";"2021-06-28";"2571 COOP PRIX STAMSUN, STAMSUND, NOR";"-57,30"
"2021-06-25";"2021-06-28";"APPLE.COM/BILL, 80056952, IRL";"-169,00"
"2021-06-28";"2021-06-28";"Rabatt strømmetjenester";"33,80"
"2021-06-24";"2021-06-28";"BUNNPRIS, Ramberg, NOR";"-124,00"
"2021-06-24";"2021-06-28";"KIWI 155 OSAN S, Svolvaer, NOR";"-142,80"
"2021-06-23";"2021-06-25";"KIWI 155 OSAN S, Svolvaer, NOR";"-87,40"
"2021-06-22";"2021-06-23";"CIRCLE K SVOLVER, SVOLVER, NOR";"-108,00"
"2021-06-21";"2021-06-22";"CIRCLE K SVOLVER, SVOLVER, NOR";"-93,00"
"2021-06-20";"2021-06-21";"PlaystationNetwork, London, GBR";"-105,00"
"2021-06-18";"2021-06-21";"REMA LEKNES_NY, Leknes, NOR";"-106,20"
"2021-06-18";"2021-06-21";"REMA LEKNES_NY, Leknes, NOR";"-82,20"
"2021-06-17";"2021-06-18";"CIRCLE K SVOLVER, SVOLVER, NOR";"-35,00"
"2021-06-15";"2021-06-15";"Innbetaling";"5548,76"
"2021-06-15";"2021-06-16";"Innbetaling";"7085,89"
"2021-06-14";"2021-06-16";"SPAR BORG, Boestad, NOR";"-98,60"
"2021-06-09";"2021-06-10";"CIRCEL K REINE, REINE, NOR";"-65,00"
"2021-06-08";"2021-06-10";"BUNNPRIS GRAVDA, GRAVDAL, NOR";"-113,60"
"2021-06-08";"2021-06-10";"BUNNPRIS, Ramberg, NOR";"-43,90"
"2021-06-08";"2021-06-08";"3411 41 73349";"-4960,78"
"2021-06-08";"2021-06-08";"Omkostninger regningsbetaling";"-74,61"
"2021-06-07";"2021-06-09";"SPAR BORG, Boestad, NOR";"-115,70"
"2021-06-06";"2021-06-08";"POINT (5015009), Bodoe, NOR";"-38,00"
"2021-06-05";"2021-06-07";"Ryde Technology AS, Oslo, NOR";"-41,00"
"2021-06-05";"2021-06-07";"Vipps*Bjoern Tore Warl, Oslo, NOR";"-350,00"
"2021-06-04";"2021-06-04";"Ryde Technology AS, Oslo, NOR";"-41,00"
"2021-06-04";"2021-06-04";"Ryde Technology AS, Oslo, NOR";"-40,00"
"2021-06-04";"2021-06-04";"Ryde Technology AS, Oslo, NOR";"-1,00"
"2021-06-03";"2021-06-04";"MATKROKEN BLEKENBERG 8, BERGEN, NOR";"-35,90"
"2021-06-02";"2021-06-03";"CIRCLE K VIKEN, BERGEN, NOR";"-140,00"
"2021-06-02";"2021-06-03";"1454 EXTRA DANMARKSPLA, BERGEN, NOR";"-492,80"
"2021-06-01";"2021-06-03";"KIWI 858 BIRKEV, Bergen, NOR";"-289,00"
"2021-06-01";"2021-06-02";"JULA BERGEN LAG, RADAL, NOR";"-179,00"
"2021-06-01";"2021-06-02";"SIBKAFE HIBKRON, BERGEN, NOR";"-64,60"
"2021-06-01";"2021-06-01";"Omkostninger Penger tilbake";"-10,00"
"2021-05-31";"2021-06-01";"SIBKAFE HIBKRON, BERGEN, NOR";"-78,20"
"2021-05-29";"2021-05-31";"KIWI 858 BIRKEV, Bergen, NOR";"-325,00"
"2021-05-28";"2021-05-31";"1454 EXTRA DANMARKSPLA, BERGEN, NOR";"-98,10"
"2021-05-28";"2021-05-31";"SIBKAFE HIBKRON, BERGEN, NOR";"-82,75"
"2021-05-27";"2021-05-28";"1454 EXTRA DANMARKSPLA, BERGEN, NOR";"-84,90"
"2021-05-27";"2021-05-28";"SIBKAFE HIBKRON, BERGEN, NOR";"-111,35"
"2021-05-26";"2021-05-28";"KIWI 858 BIRKEV, Bergen, NOR";"-219,30"
"2021-05-25";"2021-05-27";"KIWI 858 BIRKEV, Bergen, NOR";"-101,90"
"2021-05-25";"2021-05-27";"SIBKAFE HIBKRON, BERGEN, NOR";"-64,60"
"2021-05-22";"2021-05-25";"KIWI 858 BIRKEV, Bergen, NOR";"-259,79"
"2021-05-22";"2021-05-25";"Wideroes 7012128993025, Bodo, NOR";"-599,00"
"2021-05-22";"2021-05-25";"Wideroes 7014560389066, Bodo, NOR";"-299,00"
"2021-05-20";"2021-05-21";"SIBKAFE HIBKRON, BERGEN, NOR";"-91,80"
"2021-05-19";"2021-05-21";"KIWI 858 BIRKEV, Bergen, NOR";"-447,20"
"2021-05-15";"2021-05-18";"KIWI 858 BIRKEV, Bergen, NOR";"-422,60"
"2021-05-15";"2021-05-18";"Vipps*Georg Kvalsund T, Oslo, NOR";"-600,00"
"2021-05-15";"2021-05-18";"DRESSMANN 199, Bergen, NOR";"-1503,60"
"2021-05-12";"2021-05-14";"Innbetaling";"9842,50"
"2021-05-03";"2021-05-04";"1454 EXTRA DANMARKSPLA, BERGEN, NOR";"-114,30"
"2021-05-03";"2021-05-04";"APOTEK 1 LANDAS, 5081 BERGEN, NOR";"-35,37"
"2021-04-30";"2021-05-03";"KIWI 858 BIRKEV, Bergen, NOR";"-636,40"
"2021-04-30";"2021-05-03";"SIBKAFE HIBKRON, BERGEN, NOR";"-72,55"
"2021-04-29";"2021-04-30";"1454 EXTRA DANMARKSPLA, BERGEN, NOR";"-349,30"
"2021-04-28";"2021-04-29";"SIBKAFE HIBKRON, BERGEN, NOR";"-98,90"
"2021-04-28";"2021-04-30";"KIWI 858 BIRKEV, Bergen, NOR";"-284,80"
"2021-04-28";"2021-04-29";"APPLE.COM/BILL, 80056952, IRL";"-169,00"
"2021-04-29";"2021-04-29";"Rabatt strømmetjenester";"33,80"
"2021-04-26";"2021-04-28";"KIWI 858 BIRKEV, Bergen, NOR";"-376,90"
"2021-04-26";"2021-04-27";"SIBKAFE HIBKRON, BERGEN, NOR";"-53,00"
"2021-04-25";"2021-04-26";"PlaystationNetwork, London, GBR";"-220,00"
"2021-04-24";"2021-04-26";"1454 EXTRA DANMARKSPLA, BERGEN, NOR";"-62,80"
"2021-04-23";"2021-04-26";"SIBKAFE HIBKRON, BERGEN, NOR";"-64,60"
"2021-04-23";"2021-04-26";"COINBASE PMC7DHANZ, LONDON, GBR";"-4098,59"
"2021-04-22";"2021-04-26";"KIWI 858 BIRKEV, Bergen, NOR";"-247,42"
"2021-04-22";"2021-04-23";"SIBKAFE HIBKRON, BERGEN, NOR";"-83,60"
"2021-04-21";"2021-04-22";"1454 EXTRA DANMARKSPLA, BERGEN, NOR";"-324,34"
"2021-04-21";"2021-04-22";"SIBKAFE HIBKRON, BERGEN, NOR";"-112,20"
"2021-04-20";"2021-04-22";"KIWI 858 BIRKEV, Bergen, NOR";"-608,90"
"2021-04-20";"2021-04-21";"SIBKAFE HIBKRON, BERGEN, NOR";"-71,70"
"2021-04-19";"2021-04-20";"STAMINA TRENING, OSLO, NOR";"-399,00"
"2021-04-17";"2021-04-19";"KIWI 858 BIRKEV, Bergen, NOR";"-315,10"
"2021-04-16";"2021-04-19";"SIBKAFE HIBKRON, BERGEN, NOR";"-78,20"
"2021-04-15";"2021-04-19";"KIWI 858 BIRKEV, Bergen, NOR";"-281,28"
"2021-04-15";"2021-04-16";"1454 EXTRA DANMARKSPLA, BERGEN, NOR";"-209,90"
"2021-04-15";"2021-04-15";"Innbetaling";"6867,92"
"2021-04-14";"2021-04-16";"KIWI 858 BIRKEV, Bergen, NOR";"-166,82"
"2021-04-01";"2021-04-06";"ESSO LEKNES, LEKNES, NOR";"-198,00"
"2021-03-31";"2021-04-06";"Wideroes 7012128874059, Bodo, NOR";"-293,00"
"2021-03-27";"2021-03-30";"REMA LEKNES_NY, Leknes, NOR";"-21,90"
"2021-03-21";"2021-03-22";"Holy Cow, BERGEN, NOR";"-293,70"
"2021-03-20";"2021-03-22";"Vipps*Skyss Mobillett, Oslo, NOR";"-140,00"
"2021-03-20";"2021-03-22";"STAMINA TRENING, OSLO, NOR";"-399,00"
"2021-03-19";"2021-03-22";"SIBKAFE HIBKRON, BERGEN, NOR";"-101,70"
"2021-03-19";"2021-03-22";"AKADEMIKA HVL, BERGEN, NOR";"-145,00"
"2021-03-18";"2021-03-22";"KIWI 858 BIRKEV, Bergen, NOR";"-541,37"
"2021-03-16";"2021-03-18";"KIWI 858 BIRKEV, Bergen, NOR";"-287,93"
"2021-03-13";"2021-03-15";"Vipps*Fugl Foeniks-Mat, Oslo, NOR";"-252,00"
"2021-03-13";"2021-03-15";"Vipps*Fugl Foeniks-Mat, Oslo, NOR";"-145,00"
"2021-03-13";"2021-03-15";"Vipps*Fugl Foeniks-Mat, Oslo, NOR";"-154,00"
"2021-03-13";"2021-03-15";"Vipps*Fugl Foeniks-Mat, Oslo, NOR";"-86,00"
"2021-03-13";"2021-03-15";"SUNNM?RSBADET., Fosnavaag, NOR";"-100,00"
"2021-03-13";"2021-03-15";"SUNNM?RSBADET., Fosnavaag, NOR";"-90,00"
"2021-03-12";"2021-03-15";"Vipps*Fugl Foeniks-Mat, Oslo, NOR";"-154,00"
"2021-03-12";"2021-03-15";"Vipps*Fugl Foeniks-Mat, Oslo, NOR";"-154,00"
"2021-03-12";"2021-03-15";"Vipps*Fugl Foeniks-Mat, Oslo, NOR";"-141,00"
"2021-03-12";"2021-03-15";"Vipps*Fugl Foeniks-Mat, Oslo, NOR";"-152,00"
"2021-03-12";"2021-03-15";"BUNNPRIS @RSTA, Orsta, NOR";"-291,39"
"2021-03-12";"2021-03-15";"VINMONOPOLET ORSTA, ORSTA, NOR";"-612,70"
"2021-03-11";"2021-03-12";"7ELEVEN 7155 FLESLAND, BERGEN, NOR";"-70,00"
"2021-03-11";"2021-03-12";"Vipps*Skyss Mobillett, Oslo, NOR";"-39,00"
"2021-03-11";"2021-03-12";"SIBKAFE HIBKRON, BERGEN, NOR";"-85,30"
"2021-03-10";"2021-03-11";"SIBKAFE HIBKRON, BERGEN, NOR";"-71,70"
"2021-03-09";"2021-03-11";"KIWI 858 BIRKEV, Bergen, NOR";"-270,86"
"2021-03-09";"2021-03-10";"SIBKAFE HIBKRON, BERGEN, NOR";"-88,40"
"2021-03-08";"2021-03-08";"Vipps*Skyss Mobillett, Oslo, NOR";"-39,00"
"2021-03-06";"2021-03-08";"KIWI 858 BIRKEV, Bergen, NOR";"-269,30"
"2021-03-06";"2021-03-08";"Wideroes 7012128821870, Bodo, NOR";"-1397,00"
"2021-03-05";"2021-03-08";"KIWI 858 BIRKEV, Bergen, NOR";"-206,77"
"2021-03-04";"2021-03-05";"SIBKAFE HIBKRON, BERGEN, NOR";"-81,90"
"2021-02-24";"2021-02-25";"Vipps*Skyss Mobillett, Oslo, NOR";"-140,00"
"2021-02-23";"2021-02-23";"Innbetaling";"6000,78"
"2021-02-20";"2021-02-22";"PlaystationNetwork, London, GBR";"-186,00"
"2021-02-17";"2021-02-18";"STAMINA TRENING, OSLO, NOR";"-399,00"
"2021-02-16";"2021-02-17";"PlaystationNetwork, London, GBR";"-79,00"
"2021-02-15";"2021-02-15";"Innbetaling";"2331,00"
"2021-02-13";"2021-02-15";"KIWI 858 BIRKEV, Bergen, NOR";"-673,24"
"2021-02-08";"2021-02-10";"KIWI 858 BIRKEV, Bergen, NOR";"-199,33"
"2021-02-06";"2021-02-08";"PEPPES PIZZA, LODDEFJORD, NOR";"-679,00"
"2021-02-06";"2021-02-09";"TRAFIKKSKOLESEN, Bergen, NOR";"-1050,00"
"2021-02-04";"2021-02-08";"KIWI 858 BIRKEV, Bergen, NOR";"-573,08"
"2021-02-04";"2021-02-04";"Vipps*Iskanten, Oslo, NOR";"-1200,00"
"2021-02-02";"2021-02-03";"Foodora Norway, Oslo, NOR";"-284,00"
"2021-02-01";"2021-02-03";"KIWI 858 BIRKEV, Bergen, NOR";"-524,13"
"2021-01-25";"2021-01-26";"STAMINA TRENING, OSLO, NOR";"-399,00"
"2021-01-23";"2021-01-25";"STAMINA TRENING, OSLO, NOR";"-366,00"
"2021-01-23";"2021-01-25";"GYMGROSSISTENINTERNET, SVETSARVEGEN, SWE";"-1566,00"
"2021-01-15";"2021-01-15";"Innbetaling";"876,00"
"2021-01-15";"2021-01-15";"Innbetaling";"3178,00"
"2021-01-12";"2021-01-13";"Vipps*Bjoern Tore Warl, Oslo, NOR";"-1300,00"
"2021-01-12";"2021-01-13";"Wideroes 7012128713607, Bodo, NOR";"-1398,00"
"2021-01-10";"2021-01-11";"Vipps*Skyss Mobillett, Oslo, NOR";"-480,00"
"2020-12-15";"2020-12-15";"Innbetaling";"1955,38"
"2020-12-09";"2020-12-11";"Vipps  *PEDAL trenings, RAMBERG, NOR";"-499,00"
"2020-12-08";"2020-12-09";"DHL Express Norway A, Oslo, NOR";"-377,00"
"2020-11-26";"2020-11-27";"LEDGER* LEDGER, PARIS, FRA";"-719,40"
"2020-11-22";"2020-11-23";"PlaystationNetwork, London, GBR";"-979,00"
"2020-11-15";"2020-11-16";"Innbetaling";"1100,00"
"2020-11-09";"2020-11-10";"SMS BETALING AS, Husoeysund, NOR";"-300,00"
"2020-11-01";"2020-11-03";"Vipps  *Skyss Mobillet, BERGEN, NOR";"-480,00"
"2020-10-15";"2020-10-15";"Innbetaling";"1143,00"
"2020-10-06";"2020-10-07";"AMZN MKTP US AMZN.COM/, AMZN.COM/BILL, USA";"3,02"
"2020-10-06";"2020-10-07";"PLAYSTATIONNETWORK, LONDON, GBR";"-580,00"
"2020-09-09";"2020-09-11";"Wideroes 7014560339467, Bodo, NOR";"-195,00"
"2020-09-09";"2020-09-11";"Wideroes 7012128449215, Bodo, NOR";"-1398,00"
"2020-09-07";"2020-09-09";"E24 DINE PENGER, OSLO, NOR";"-1,00"
"2020-09-07";"2020-09-09";"E24 DINE PENGER, OSLO, NOR";"-1,00"
"2020-08-28";"2020-08-31";"Innbetaling";"3000,21"
"2020-08-18";"2020-08-20";"Vipps  *Skyss Mobillet, BERGEN, NOR";"-480,00"
"2020-08-18";"2020-08-19";"AKADEMIKA HVL, BERGEN, NOR";"-249,50"
"2020-08-18";"2020-08-20";"Wideroes 7014560335302, Bodo, NOR";"-195,00"
"2020-08-18";"2020-08-20";"Wideroes 7012128398944, Bodo, NOR";"-1349,00"
"2020-08-16";"2020-08-17";"Innbetaling";"9500,00"
"2020-08-16";"2020-08-17";"APPLE.COM/BILL, 80056952, IRL";"-159,00"
"2020-08-17";"2020-08-17";"Rabatt strømmetjenester";"31,80"
"2020-08-15";"2020-08-17";"Vipps  *Ordr AS, STAVANGER, NOR";"-290,00"
"2020-08-14";"2020-08-17";"VINMONOPOLET BERGEN SL, BERGEN, NOR";"-1560,50"
"2020-08-10";"2020-08-12";"Vipps  *Skyss Mobillet, BERGEN, NOR";"-150,00"
"2020-07-27";"2020-07-29";"BUNNPRIS, Ramberg, NOR";"-151,50"
"2020-07-26";"2020-07-28";"BUNNPRIS, Ramberg, NOR";"-401,45"
"2020-07-26";"2020-07-28";"Vipps  *Lofoten Beach, BALLSTAD, NOR";"-40,00"
"2020-07-16";"2020-07-20";"APPLE.COM/BILL, CORK, IRL";"-159,00"
"2020-07-13";"2020-07-14";"CIRCLE K SVOLVER, SVOLVER, NOR";"-70,00"
"2020-07-12";"2020-07-13";"ETORO, INTERNET, CYP";"-2916,34"
"2020-07-10";"2020-07-13";"257100 PRIX STAMSUND, STAMSUND, NOR";"-80,70"
"2020-07-09";"2020-07-10";"CIRCLE K SVOLVER, SVOLVER, NOR";"-15,00"
"2020-07-08";"2020-07-09";"SPAR BORG, Boestad, NOR";"-49,90"
"2020-07-08";"2020-07-10";"KIWI 155 OSAN S, Svolvaer, NOR";"-137,90"
"2020-07-06";"2020-07-08";"BUNNPRIS, Ramberg, NOR";"-151,70"
"2020-07-06";"2020-07-08";"KIWI 155 OSAN S, Svolvaer, NOR";"-75,60"
"2020-07-05";"2020-07-07";"Vipps, Oslo, NOR";"-500,00"
"2020-07-05";"2020-07-06";"LEKNES STORKIOS, Leknes, NOR";"-36,00"
"2020-07-05";"2020-07-06";"LEKNES STORKIOS, Leknes, NOR";"-59,00"
"2020-07-05";"2020-07-06";"LOFOTEN MAT OG VIN, STAMSUND, NOR";"-700,00"
"2020-07-05";"2020-07-06";"LOFOTEN MAT OG VIN, STAMSUND, NOR";"-120,00"
"2020-07-05";"2020-07-06";"LOFOTEN MAT OG VIN, STAMSUND, NOR";"-140,00"
"2020-07-04";"2020-07-06";"Vipps, Oslo, NOR";"-300,00"
"2020-07-04";"2020-07-06";"BUNNPRIS GRAVDA, GRAVDAL, NOR";"-200,20"
"2020-07-02";"2020-07-06";"SPAR STORØYA, Svolvaer, NOR";"-219,72"
"2020-07-02";"2020-07-03";"CIRCLE K SVOLVER, SVOLVER, NOR";"-100,00"
"2020-07-02";"2020-07-03";"Innbetaling";"170,16"
"2020-07-01";"2020-07-03";"PEPPES AVD. 349, LEKNES, NOR";"-147,00"
"2020-07-01";"2020-07-03";"CIRCEL K REINE, REINE, NOR";"-49,00"
"2020-06-30";"2020-07-03";"Vipps  *Teoritentamen, Oslo, NOR";"-448,00"
"2020-06-30";"2020-07-03";"Vipps  *Teoritentamen, Oslo, NOR";"-379,00"
"2020-06-29";"2020-07-01";"BUNNPRIS, Ramberg, NOR";"-163,60"
"2020-06-29";"2020-07-01";"JOKER BALLSTAD, Ballstad, NOR";"-19,90"
"2020-06-29";"2020-06-30";"SPAR BORG, Boestad, NOR";"-69,80"
"2020-06-27";"2020-06-29";"BUNNPRIS, Ramberg, NOR";"-71,80"
"2020-06-26";"2020-06-29";"SPAR STORØYA, Svolvaer, NOR";"-164,96"
"2020-06-25";"2020-06-26";"CIRCLE K SVOLVER, SVOLVER, NOR";"-33,00"
"2020-06-25";"2020-06-26";"CIRCLE K SVOLVER, SVOLVER, NOR";"-112,00"
"2020-06-22";"2020-06-24";"KIWI 155 OSAN S, Svolvaer, NOR";"-80,10"
"2020-06-22";"2020-06-23";"Innbetaling";"8000,55"
"2020-06-21";"2020-06-23";"Vipps, Oslo, NOR";"-200,00"
"2020-06-21";"2020-06-22";"LEKNES STORKIOS, Leknes, NOR";"-258,00"
"2020-06-21";"2020-06-22";"LEKNES STORKIOS, Leknes, NOR";"-165,00"
"2020-06-21";"2020-06-22";"LOFOTEN MAT OG VIN, STAMSUND, NOR";"-135,00"
"2020-06-19";"2020-06-22";"ELKJØP LEKNES, Leknes, NOR";"-597,00"
"2020-06-18";"2020-06-22";"BUNNPRIS, Ramberg, NOR";"-166,70"
"2020-06-18";"2020-06-19";"CIRCLE K SVOLVER, SVOLVER, NOR";"-15,00"
"2020-06-17";"2020-06-19";"KIWI 155 OSAN S, Svolvaer, NOR";"-184,70"
"2020-06-17";"2020-06-18";"CIRCLE K SVOLVER, SVOLVER, NOR";"-15,00"
"2020-06-16";"2020-06-17";"APPLE.COM/BILL, 80056952, IRL";"-159,00"
"2020-06-17";"2020-06-17";"Rabatt strømmetjenester";"31,80"
"2020-06-13";"2020-06-15";"Vipps  *Lofoten Beach, BALLSTAD, NOR";"-40,00"
"2020-06-13";"2020-06-15";"JOKER BALLSTAD, Ballstad, NOR";"-51,90"
"2020-06-13";"2020-06-15";"VINMONOPOLET LEKNES, LEKNES, NOR";"-891,50"
"2020-06-13";"2020-06-15";"Innbetaling";"659,90"
"2020-06-12";"2020-06-15";"BUNNPRIS, Ramberg, NOR";"-949,44"
"2020-06-12";"2020-06-15";"SPAR BORG, Boestad, NOR";"-75,80"
"2020-06-11";"2020-06-12";"SPAR BORG, Boestad, NOR";"-23,00"
"2020-06-11";"2020-06-15";"REMA SVOLVÆR, Svolvaer, NOR";"-161,50"
"2020-06-10";"2020-06-11";"SPAR BORG, Boestad, NOR";"-139,48"
"2020-06-09";"2020-06-11";"REMA SVOLVÆR, Svolvaer, NOR";"-121,85"
"2020-06-08";"2020-06-10";"BUNNPRIS, Ramberg, NOR";"-89,29"
"2020-06-05";"2020-06-08";"TRADINGVIEW TRADINGVIE, 6142853455, USA";"-1707,09"
"2020-06-05";"2020-06-09";"STEAMGAMES.COM, SEATTLE, DEU";"-140,00"
"2020-06-05";"2020-06-08";"KIWI 184 SVOLVÆ, Svolvaer, NOR";"-81,20"
"2020-06-05";"2020-06-08";"CLAS OHL 2812, SVOLVAR, NOR";"-239,70"
"2020-06-04";"2020-06-05";"PIZZABAKEREN LE, BODO, NOR";"-288,00"
"2020-06-04";"2020-06-05";"CIRCLE K SVOLVER, SVOLVER, NOR";"-71,00"
"2020-06-03";"2020-06-05";"REMA SVOLVÆR, Svolvaer, NOR";"-153,70"
"2020-06-02";"2020-06-04";"BUNNPRIS, Ramberg, NOR";"-367,50"
"2020-05-29";"2020-05-29";"Renter";"-11,25"
"2020-05-27";"2020-05-28";"Privatistweb.no, Steinkjer, NOR";"2302,00"
"2020-05-25";"2020-05-27";"BUNNPRIS, Ramberg, NOR";"-282,50"
"2020-05-23";"2020-05-26";"BUNNPRIS, Ramberg, NOR";"-119,10"
"2020-05-22";"2020-05-25";"REMA LEKNES, Leknes, NOR";"-201,40"
"2020-05-17";"2020-05-19";"APPLE.COM/BILL, 80056952, IRL";"-159,00"
"2020-05-19";"2020-05-19";"Rabatt strømmetjenester";"31,80"
"2020-05-15";"2020-05-15";"Innbetaling";"6600,15"
"2020-05-14";"2020-05-18";"BUNNPRIS, Ramberg, NOR";"-103,45"
"2020-05-10";"2020-05-11";"PAYPAL *MARIUSAOLSE, 35314369001, LUX";"-329,00"
"2020-05-09";"2020-05-11";"STEAMGAMES.COM 4259522, Hamburg, DEU";"-199,00"
"2020-05-06";"2020-05-07";"PlaystationNetwork, London, GBR";"-10,00"
"2020-05-03";"2020-05-04";"PlaystationNetwork, London, GBR";"-48,00"
"2020-05-02";"2020-05-04";"PlaystationNetwork, London, GBR";"-48,00"
"2020-04-29";"2020-04-30";"ETORO, INTERNET, CYP";"-2657,36"
"2020-04-23";"2020-04-24";"ETORO, INTERNET, CYP";"-2197,72"
"2020-04-23";"2020-04-24";"ETORO, INTERNET, CYP";"-2197,72"
"2020-04-21";"2020-04-23";"BUNNPRIS, Ramberg, NOR";"-66,40"
"2020-04-16";"2020-04-17";"ASK UNDERVISNING, TROMS, NOR";"-900,00"
"2020-04-16";"2020-04-17";"APPLE.COM/BILL, 80056952, IRL";"-159,00"
"2020-04-17";"2020-04-17";"Rabatt strømmetjenester";"31,80"
"2020-04-15";"2020-04-16";"Spotify P0F5A0AE89, Stockholm, SWE";"-109,00"
"2020-04-16";"2020-04-16";"Rabatt strømmetjenester";"21,80"
"2020-04-12";"2020-04-14";"PlaystationNetwork, London, GBR";"-144,00"
"2020-03-31";"2020-04-02";"Vipps  *Tightsno, Oslo, NOR";"-846,00"
"2020-03-31";"2020-04-01";"Innbetaling";"1000,00"
"2020-03-29";"2020-03-30";"REMA LEKNES, Leknes, NOR";"-94,10"
"2020-03-16";"2020-03-17";"APPLE.COM/BILL, 80056952, IRL";"-159,00"
"2020-03-17";"2020-03-17";"Rabatt strømmetjenester";"31,80"
"2020-03-15";"2020-03-16";"Spotify P0EF5C2970, Stockholm, SWE";"-109,00"
"2020-03-16";"2020-03-16";"Rabatt strømmetjenester";"21,80"
"2020-03-04";"2020-03-05";"247300 EXTRA LEKNES, LEKNES, NOR";"-45,05"
"2020-03-03";"2020-03-04";"Innbetaling";"3500,91"
"2020-03-02";"2020-03-03";"COOP PRIX LEKNES 58613, LEKNES, NOR";"-135,00"
"2020-02-26";"2020-02-27";"TROMSO TAXI AS, TROMSO, NOR";"-217,00"
"2020-02-25";"2020-02-26";"259600 PRIX STRANDKANT, TROMSO, NOR";"-193,20"
"2020-02-25";"2020-02-26";"TROMSO TAXI AS, TROMSO, NOR";"-220,00"
"2020-02-25";"2020-02-26";"TROMSO TAXI AS, TROMSO, NOR";"-239,00"
"2020-02-25";"2020-02-27";"Vipps, Oslo, NOR";"-800,00"
"2020-02-24";"2020-02-25";"iZ *Skin Fuel Empi, TROMSO, NOR";"-1500,00"
"2020-02-23";"2020-02-24";"Joker Storgatbakken, Tromsoe, NOR";"-90,30"
"2020-02-23";"2020-02-24";"Heidis Tromsoe, Tromsoe, NOR";"-100,00"
"2020-02-22";"2020-02-24";"ESPOS, DRAMMEN, NOR";"-267,00"
"2020-02-22";"2020-02-24";"ESPOS, DRAMMEN, NOR";"-195,00"
"2020-02-22";"2020-02-24";"ESPOS, DRAMMEN, NOR";"-60,00"
"2020-02-22";"2020-02-24";"TROMSO TAXI AS, TROMSO, NOR";"-300,00"
"2020-02-22";"2020-02-24";"Joker Storgatbakken, Tromsoe, NOR";"-42,90"
"2020-02-22";"2020-02-24";"BK TROMSO 5009, TROMSOE, NOR";"-76,00"
"2020-02-22";"2020-02-24";"Vipps, Oslo, NOR";"-2000,00"
"2020-02-22";"2020-02-24";"Innbetaling";"10000,77"
"2020-02-21";"2020-02-24";"ESPOS, DRAMMEN, NOR";"-225,00"
"2020-02-21";"2020-02-24";"ESPOS, DRAMMEN, NOR";"-89,00"
"2020-02-21";"2020-02-24";"ESPOS, DRAMMEN, NOR";"-60,00"
"2020-02-21";"2020-02-24";"Kiwi 167 Fredrik Lange, Tromsoe, NOR";"-220,10"
"2020-02-21";"2020-02-24";"Joker Storgatbakken, Tromsoe, NOR";"-243,41"
"2020-02-21";"2020-02-24";"816104 DNA, TROMSO, NOR";"-838,00"
"2020-02-20";"2020-02-24";"Grand Solutions North, Tromsoe, NOR";"-400,00"
"2020-02-20";"2020-02-21";"259600 PRIX STRANDKANT, TROMSO, NOR";"-458,80"
"2020-02-20";"2020-02-21";"237000 OBS TROMSO, TROMSO, NOR";"-617,20"
"2020-02-20";"2020-02-21";"VINMONOPOLET TROMSO LA, TROMSO, NOR";"-1071,50"
"2020-02-19";"2020-02-20";"259600 PRIX STRANDKANT, TROMSO, NOR";"-83,50"
"2020-02-19";"2020-02-20";"SAXO BANK A/S, INTERNET, DNK";"-2500,00"
"2020-02-19";"2020-02-20";"SAXO BANK A/S, INTERNET, DNK";"-300,00"
"2020-02-18";"2020-02-19";"259600 PRIX STRANDKANT, TROMSO, NOR";"-73,80"
"2020-02-18";"2020-02-20";"Vipps  *Troms Fylkesko, VADSOE, NOR";"-240,00"
"2020-02-16";"2020-02-17";"APPLE.COM/BILL, ITUNES.COM, IRL";"-159,00"
"2020-02-17";"2020-02-17";"Rabatt strømmetjenester";"31,80"
"2020-02-15";"2020-02-17";"Spotify P0E97EB812, Stockholm, SWE";"-109,00"
"2020-02-17";"2020-02-17";"Rabatt strømmetjenester";"21,80"
"2020-02-15";"2020-02-17";"EUROPRIS LEKNES, LEKNES, NOR";"-183,63"
"2020-02-15";"2020-02-17";"NORDLAND TAXI, BODO, NOR";"-251,00"
"2020-02-15";"2020-02-17";"Leknes Storkiosk Pizza, Leknes, NOR";"-166,00"
"2020-02-15";"2020-02-17";"LOFOTEN MAT OG VIN, STAMSUND, NOR";"-135,00"
"2020-02-15";"2020-02-17";"LOFOTEN MAT OG VIN, STAMSUND, NOR";"-240,00"
"2020-02-15";"2020-02-17";"Innbetaling";"10000,00"
"2020-02-15";"2020-02-17";"LOFOTEN MAT OG VIN, STAMSUND, NOR";"-110,00"
"2020-02-14";"2020-02-17";"LOFOTEN MAT OG VIN, STAMSUND, NOR";"-150,00"
"2020-02-14";"2020-02-17";"BUNNPRIS, Ramberg, NOR";"-443,33"
"2020-02-11";"2020-02-13";"BUNNPRIS, Gravdal, NOR";"-13,65"
"2020-02-11";"2020-02-13";"BUNNPRIS, Ramberg, NOR";"-50,90"
"2020-01-28";"2020-01-30";"BUNNPRIS, Ramberg, NOR";"-143,55"
"2020-01-28";"2020-01-29";"Nordland Fylkeskommune, Bodoe, NOR";"-4604,00"
"2020-01-28";"2020-01-29";"Privatistwebno, Steinkjer, NOR";"-2302,00"
"2020-01-25";"2020-01-27";"BUNNPRIS, Ramberg, NOR";"-198,10"
"2020-01-24";"2020-01-27";"BUNNPRIS, Ramberg, NOR";"-267,84"
"2020-01-23";"2020-01-24";"Innbetaling";"6000,68"
"2020-01-22";"2020-01-24";"BUNNPRIS, Ramberg, NOR";"-103,17"
"2020-01-22";"2020-01-24";"Vipps  *ARKNO, Oslo, NOR";"-342,40"
"2020-01-21";"2020-01-22";"Lima Leknes AS, Leknes, NOR";"-990,00"
"2020-01-21";"2020-01-23";"Vipps  *ARKNO, Oslo, NOR";"-159,20"
"2020-01-19";"2020-01-21";"Vipps  *Liverbirds Lof, Leknes, NOR";"-260,00"
"2020-01-17";"2020-01-20";"BUNNPRIS, Ramberg, NOR";"-241,72"
"2020-01-16";"2020-01-17";"APPLE.COM/BILL, ITUNES.COM, IRL";"-159,00"
"2020-01-17";"2020-01-17";"Rabatt strømmetjenester";"31,80"
"2020-01-15";"2020-01-16";"Spotify P0E3A0DED8, Stockholm, SWE";"-109,00"
"2020-01-16";"2020-01-16";"Rabatt strømmetjenester";"21,80"
"2020-01-15";"2020-01-15";"Innbetaling";"4551,55"
"2020-01-11";"2020-01-13";"Billettservice AS, Oslo, NOR";"-1468,50"
"2020-01-11";"2020-01-13";"Wideroes 7012127872751, Bodo, NOR";"-1398,00"
"2020-01-10";"2020-01-13";"BUNNPRIS, Ramberg, NOR";"-284,90"
"2020-01-09";"2020-01-13";"BUNNPRIS, Ramberg, NOR";"-189,30"
"2020-01-08";"2020-01-10";"BUNNPRIS, Ramberg, NOR";"-27,66"
